;Title, http://www.gcdataconcepts.com, X16-2 ADXL345
;Version, 1447, Build num, 0x276, Build date, 20120709 17:23:15,  SN:CCDC20160000714
;Start_time, 2012-11-09, 09:54:37.002
;Temperature, 20.50, deg C,  Vbat, 3999, mv
;Gain, 16g
;SampleRate, 50,Hz
;Deadband, 0, counts
;DeadbandTimeout, 0,sec
;Headers, time,Ax,Ay,Az
4.009,941,-10,266
4.030,961,-5,260
4.049,968,20,292
4.070,957,15,273
4.089,948,7,260
4.109,954,24,273
4.129,954,17,275
4.149,946,-2,266
4.169,951,1,257
4.189,956,15,263
4.208,949,18,267
4.229,946,-11,289
4.248,951,-51,254
4.269,944,-32,254
4.288,947,-5,286
4.309,942,-35,269
4.328,946,-57,269
4.348,964,-48,274
4.368,949,-38,266
4.388,943,-29,264
4.408,958,-43,259
4.428,948,-22,264
4.447,937,-22,268
4.468,958,-75,264
4.488,956,-44,261
4.508,939,-21,270
4.528,944,-61,263
4.548,950,-50,262
4.568,942,-26,269
4.587,956,-52,267
4.608,949,-74,261
4.627,950,-59,266
4.648,952,-37,265
4.667,944,-38,267
4.687,949,-39,264
4.707,955,-52,262
4.727,944,-44,257
4.747,939,-44,260
4.767,949,-41,264
4.787,949,-45,258
4.807,949,-34,257
4.826,943,-43,261
4.847,951,-50,266
4.866,941,-42,261
4.887,947,-38,258
4.906,956,-53,256
4.926,946,-58,262
4.946,949,-52,264
4.966,952,-58,257
4.986,945,-65,266
5.007,950,-69,264
5.028,945,-63,268
5.047,943,-76,266
5.067,951,-73,264
5.087,945,-75,264
5.107,939,-69,271
5.127,949,-72,272
5.147,945,-54,270
5.167,941,-49,271
5.187,946,-53,270
5.206,950,-55,275
5.227,946,-39,278
5.246,945,-31,259
5.267,942,0,271
5.286,952,-1,278
5.306,947,-17,280
5.326,945,-30,274
5.346,948,-13,277
5.366,942,1,284
5.386,946,-27,282
5.406,947,-36,283
5.426,944,-37,288
5.446,944,-52,287
5.466,940,-28,285
5.486,940,-12,292
5.506,945,-24,285
5.526,944,-15,287
5.545,940,-1,291
5.566,939,9,298
5.585,942,29,294
5.606,942,39,293
5.625,941,48,299
5.646,941,31,305
5.665,943,17,309
5.685,935,30,314
5.705,935,36,335
5.725,937,15,309
5.745,940,-14,280
5.765,946,-3,342
5.784,936,-12,262
5.805,936,-16,288
5.824,939,3,288
5.845,945,2,293
5.864,945,-2,292
5.885,940,0,292
5.904,940,2,293
5.924,942,12,290
5.944,937,7,292
5.964,944,2,302
5.984,953,-10,307
6.005,940,0,304
6.026,948,-27,281
6.045,925,23,339
6.065,915,113,322
6.085,952,53,298
6.105,935,48,316
6.125,934,38,293
6.145,945,-16,297
6.164,934,21,389
6.185,911,60,365
6.204,932,5,330
6.225,939,15,326
6.244,938,11,279
6.265,934,22,327
6.284,942,-12,304
6.304,962,-84,266
6.325,942,-29,322
6.344,936,34,368
6.365,916,72,377
6.384,916,81,350
6.404,931,63,322
6.424,930,32,303
6.444,924,63,312
6.464,923,91,340
6.484,925,94,362
6.504,935,78,364
6.524,916,98,373
6.543,920,84,279
6.564,930,94,309
6.583,943,76,322
6.604,943,55,310
6.623,947,8,304
6.643,934,21,341
6.663,924,53,325
6.683,938,28,292
6.703,949,9,304
6.723,950,0,300
6.743,939,30,309
6.763,937,33,311
6.782,936,18,306
6.803,938,14,315
6.822,939,3,291
6.843,950,-1,280
6.862,954,-4,273
6.882,933,44,317
6.902,942,19,277
6.922,954,-12,279
6.942,945,9,292
6.962,944,17,289
6.982,946,11,276
7.003,953,10,276
7.023,948,16,306
7.043,946,10,280
7.063,956,0,274
7.083,963,14,272
7.103,958,65,296
7.122,934,88,296
7.143,937,33,318
7.162,945,-24,312
7.183,943,-27,305
7.203,952,11,287
7.223,947,12,292
7.243,940,-39,288
7.262,938,-64,267
7.283,944,-46,256
7.302,953,26,260
7.323,946,62,273
7.342,948,46,269
7.362,954,11,255
7.382,963,6,241
7.402,957,78,250
7.422,952,108,250
7.442,955,52,246
7.462,947,4,257
7.482,954,-38,252
7.501,962,-31,252
7.522,956,7,247
7.541,960,21,249
7.562,951,52,261
7.581,960,38,266
7.601,966,10,263
7.621,962,2,260
7.641,958,15,251
7.661,952,37,248
7.681,960,35,244
7.701,959,30,241
7.721,959,40,242
7.740,959,44,239
7.761,965,53,240
7.780,960,72,247
7.801,967,70,239
7.820,970,47,247
7.840,962,52,243
7.860,958,65,235
7.880,967,59,239
7.900,966,65,244
7.920,965,58,238
7.940,963,54,231
7.960,967,49,231
7.979,962,70,232
8.001,966,55,243
8.021,965,56,238
8.041,964,57,229
8.061,969,49,241
8.081,967,37,235
8.101,965,48,242
8.121,965,53,237
8.141,958,51,234
8.161,966,46,244
8.181,968,40,229
8.201,968,45,227
8.220,960,62,231
8.241,963,52,231
8.260,969,55,229
8.281,967,58,233
8.300,962,51,231
8.321,968,48,230
8.340,966,51,231
8.360,965,54,224
8.380,966,54,229
8.400,964,45,232
8.420,967,51,227
8.440,964,54,220
8.459,964,59,230
8.480,965,56,228
8.499,974,39,225
8.520,968,45,220
8.539,963,60,229
8.560,968,57,234
8.579,967,55,225
8.599,967,59,223
8.619,965,47,235
8.639,973,31,230
8.659,967,13,239
8.679,967,14,238
8.698,965,51,231
8.719,967,85,223
8.738,966,105,226
8.759,962,96,234
8.778,969,53,237
8.799,970,28,229
8.818,967,49,236
8.838,961,72,234
8.858,966,75,233
8.878,967,58,232
8.898,964,59,239
8.918,967,59,240
8.937,963,58,241
8.958,965,59,230
8.977,969,65,238
9.000,964,70,236
9.019,963,76,236
9.039,971,75,233
9.059,965,71,239
9.079,965,65,238
9.099,968,64,241
9.119,965,68,235
9.139,963,71,238
9.159,967,65,234
9.178,963,72,232
9.199,970,62,241
9.218,966,47,242
9.239,963,53,240
9.258,969,69,238
9.278,964,74,234
9.298,964,75,236
9.318,967,76,235
9.338,964,85,235
9.358,963,81,241
9.378,965,66,242
9.398,964,66,240
9.417,965,72,239
9.438,965,70,243
9.457,962,69,244
9.478,967,54,237
9.497,969,51,240
9.517,966,71,242
9.537,960,74,240
9.557,967,61,240
9.577,967,58,237
9.597,964,63,242
9.617,962,68,239
9.637,965,70,235
9.656,964,84,240
9.677,958,82,238
9.696,966,59,239
9.717,961,66,241
9.736,959,71,239
9.756,966,69,236
9.776,963,64,231
9.796,963,71,239
9.816,963,64,234
9.836,965,63,234
9.856,965,63,237
9.876,965,69,242
9.895,962,71,241
9.916,964,64,242
9.935,967,65,240
9.956,963,74,237
9.976,964,77,236
9.998,963,73,236
10.017,963,64,239
10.037,966,69,238
10.057,963,75,239
10.077,964,67,236
10.097,965,65,237
10.117,962,62,240
10.136,964,72,245
10.157,964,83,239
10.176,965,81,241
10.197,961,81,239
10.216,960,69,242
10.237,966,67,245
10.256,964,67,240
10.276,962,70,236
10.296,967,70,246
10.316,963,66,234
10.336,965,68,240
10.356,962,77,238
10.375,966,78,238
10.396,965,84,241
10.415,962,81,245
10.436,963,76,241
10.455,964,77,241
10.476,966,79,244
10.495,960,74,244
10.515,967,71,238
10.535,963,75,243
10.555,964,82,241
10.575,964,81,239
10.595,963,81,242
10.614,964,82,239
10.635,962,87,241
10.654,966,85,238
10.675,963,80,241
10.694,969,82,242
10.715,966,81,233
10.734,963,79,239
10.754,965,80,238
10.774,961,76,234
10.794,967,82,236
10.814,966,78,240
10.834,966,76,241
10.854,965,77,235
10.874,963,84,244
10.894,964,86,240
10.914,965,89,238
10.934,965,89,236
10.954,965,89,237
10.974,966,87,239
10.993,961,89,243
11.015,963,83,238
11.035,969,85,234
11.055,967,92,236
11.075,960,100,236
11.094,964,88,239
11.115,968,84,238
11.134,966,83,234
11.155,969,84,239
11.174,964,88,235
11.194,964,92,237
11.214,964,93,237
11.234,960,86,235
11.254,963,84,237
11.274,966,83,232
11.294,965,79,240
11.314,965,76,240
11.333,963,80,233
11.354,963,80,232
11.373,964,81,234
11.394,968,81,239
11.413,964,75,235
11.433,961,80,236
11.453,964,84,233
11.473,966,81,239
11.493,964,84,236
11.513,964,78,237
11.533,964,75,238
11.553,967,75,237
11.572,964,79,235
11.593,963,79,232
11.612,965,80,240
11.633,965,78,236
11.652,965,75,237
11.672,967,83,238
11.692,964,83,241
11.712,965,80,241
11.732,964,75,237
11.752,962,76,238
11.772,963,77,239
11.792,963,81,241
11.812,961,82,240
11.832,955,112,243
11.852,959,144,225
11.872,934,163,308
11.892,980,105,228
11.911,1024,-4,207
11.932,982,85,247
11.951,955,214,242
11.972,909,249,237
11.991,933,-48,232
12.013,989,-233,270
12.033,1011,-167,215
12.053,966,44,230
12.073,937,137,231
12.092,936,146,239
12.113,953,77,242
12.132,975,25,243
12.153,976,19,230
12.172,961,53,229
12.192,957,84,231
12.212,947,59,242
12.232,961,20,249
12.252,966,12,238
12.272,973,-13,245
12.292,987,-53,208
12.312,963,-15,211
12.331,945,18,237
12.352,951,11,225
12.371,963,-3,236
12.392,946,10,182
12.411,940,-18,161
12.431,943,-28,208
12.451,964,-41,192
12.471,1048,-111,182
12.491,1029,-90,305
12.511,887,174,525
12.531,908,48,479
12.551,989,-160,352
12.570,981,-7,235
12.591,949,208,289
12.610,918,224,301
12.631,942,24,251
12.650,968,-132,255
12.670,958,-145,239
12.691,952,-61,212
12.710,962,40,226
12.731,961,93,186
12.750,975,52,196
12.771,1011,2,200
12.790,950,154,229
12.810,984,107,244
12.830,1051,-64,264
12.850,1025,-118,187
12.870,1173,-90,114
12.890,1236,-33,177
12.909,1255,13,287
12.930,1295,124,232
12.949,1398,320,286
12.970,1503,660,415
12.989,1478,601,463
13.011,1619,176,736
13.031,1545,242,918
13.050,1382,-101,330
13.071,1127,-662,197
13.090,1366,-402,687
13.111,975,894,769
13.130,517,226,706
13.150,694,-697,939
13.170,1208,-1971,836
13.190,689,-2012,152
13.210,160,-1183,247
13.230,9,-611,140
13.250,-181,-18,-285
13.270,-63,636,-58
13.289,704,213,471
13.310,1241,-533,831
13.329,1800,-2697,1254
13.350,-141,-4379,222
13.369,-619,-2256,323
13.389,37,-1620,402
13.409,-1335,-1211,1237
13.429,1443,-8,1352
13.449,5440,912,-866
13.469,-2032,-2757,686
13.489,-112,-738,543
13.509,1477,-1461,604
13.528,945,-1172,542
13.549,761,-611,1124
13.569,1309,-735,599
13.589,1510,-1243,346
13.609,1819,-1274,466
13.628,2120,-701,347
13.649,1967,143,378
13.668,1843,946,520
13.689,1541,1692,345
13.708,745,1764,290
13.729,612,2012,-129
13.748,882,338,-412
13.768,2011,-578,21
13.788,2249,208,113
13.808,2018,355,441
13.828,2017,18,279
13.848,1575,-504,382
13.867,1188,-761,254
13.888,552,-939,459
13.907,-143,-1162,646
13.928,-463,-1125,374
13.947,-316,-771,186
13.968,65,-372,133
13.987,384,-223,125
14.008,705,-723,110
14.029,1152,-901,145
14.048,1574,-669,312
14.069,1392,-1661,1210
14.088,819,-2774,881
14.108,-267,-3467,339
14.128,-477,-2529,453
14.148,1039,-2169,2475
14.168,6110,2222,175
14.188,-1217,-1321,199
14.208,-1767,-1348,436
14.228,325,-1512,453
14.247,1858,-2669,1576
14.268,1453,-1568,722
14.287,1451,-896,492
14.308,2123,-655,260
14.327,2143,-130,870
14.347,1757,115,571
14.367,1908,-87,367
14.387,1728,187,370
14.407,1117,1851,384
14.427,700,2327,868
14.447,647,1455,-209
14.467,1138,30,-449
14.487,2483,450,190
14.507,2279,997,301
14.527,2382,820,300
14.547,1973,312,244
14.567,1484,-129,410
14.586,1202,-589,560
14.607,600,-1291,842
14.626,-169,-1536,769
14.647,-689,-1371,304
14.666,-526,-1141,251
14.687,-167,-839,72
14.706,11,-695,-193
14.726,286,-768,-172
14.746,852,-714,-192
14.766,1669,-704,436
14.786,1814,-1364,1318
14.806,990,-2391,1235
14.825,-670,-4323,338
14.846,-342,-2486,552
14.865,1331,-1182,2324
14.886,6379,1955,-924
14.905,-2036,-1588,1160
14.926,-1870,-1309,-107
14.945,511,-1806,595
14.965,2234,-2670,2045
14.985,1506,-1099,464
15.006,1502,-910,430
15.027,2212,-699,140
15.046,2160,-438,879
15.067,1781,-213,669
15.086,2070,78,479
15.106,1443,949,142
15.126,1005,2188,799
15.146,812,2392,540
15.166,794,722,-186
15.186,1616,-317,-47
15.205,2417,759,115
15.226,2100,1036,249
15.245,2432,1109,433
15.266,1833,358,390
15.285,1443,-225,305
15.306,1159,-984,680
15.325,468,-1551,883
15.345,-359,-1574,475
15.366,-711,-1375,161
15.385,-395,-1072,195
15.406,-54,-598,-84
15.425,129,-579,-218
15.445,559,-894,-26
15.465,1299,-546,60
15.485,1936,-1190,1141
15.505,1179,-2302,1422
15.525,122,-3928,901
15.545,-589,-3420,122
15.565,-181,-1686,1588
15.584,5769,261,1066
15.605,1133,-907,-204
15.624,-2522,-1256,384
15.645,-361,-1284,12
15.664,1657,-2402,2179
15.684,2607,-2264,676
15.704,1716,-470,578
15.724,2192,-19,555
15.744,2201,542,835
15.764,1481,416,700
15.784,1860,149,-307
15.804,1465,952,118
15.823,1143,1770,786
15.844,910,1350,-14
15.863,1214,180,-203
15.884,2271,1026,149
15.903,2111,946,102
15.923,2086,509,104
15.943,2357,630,369
15.963,1536,-421,90
15.983,1393,-719,342
16.004,837,-1132,692
16.025,-83,-1277,606
16.044,-574,-1088,251
16.064,-306,-1000,174
16.084,115,-876,142
16.104,347,-701,-120
16.124,512,-978,-261
16.144,796,-1103,-191
16.163,1232,-953,78
16.184,1404,-1100,928
16.203,1286,-1726,1418
16.224,25,-4448,780
16.244,-682,-3148,29
16.264,195,-1353,2211
16.284,7464,1805,1122
16.303,-225,-1916,-198
16.324,-3272,-1451,446
16.343,-39,-1023,234
16.364,1775,-2833,2317
16.383,2030,-2137,576
16.403,1488,-588,350
16.423,2188,-653,214
16.443,2300,-443,616
16.463,2150,-199,812
16.483,2293,708,731
16.503,1747,1695,250
16.523,718,2361,436
16.542,648,1465,-74
16.563,1447,165,-261
16.582,2829,973,304
16.603,2008,1206,352
16.622,1678,874,133
16.642,2054,1176,407
16.662,1394,27,199
16.682,1172,-841,458
16.702,721,-1313,883
16.722,-61,-1481,706
16.742,-504,-1515,290
16.762,-350,-1282,223
16.781,-101,-874,118
16.802,70,-654,-184
16.821,348,-817,-46
16.842,897,-457,177
16.861,2174,-274,659
16.881,1838,-1505,1488
16.901,726,-3596,1119
16.921,-840,-3578,260
16.941,-186,-2198,475
16.961,362,-803,1438
16.981,7454,3222,742
17.002,-935,-3421,789
17.023,-2778,-1812,-355
17.042,23,-1301,679
17.062,2078,-2879,2134
17.082,2394,-1324,458
17.102,1501,-235,576
17.122,1811,-659,380
17.142,2218,-741,952
17.162,1957,-369,1082
17.182,1799,774,320
17.202,1464,1711,231
17.222,956,2373,687
17.242,538,1549,-53
17.262,558,-197,-527
17.282,1963,174,38
17.301,2368,1153,314
17.322,1736,928,247
17.341,1929,964,323
17.362,2145,775,610
17.381,1403,-976,360
17.401,1279,-1363,617
17.421,448,-1404,769
17.441,-298,-1371,609
17.461,-427,-1347,327
17.481,-181,-1229,282
17.501,-3,-909,-17
17.521,160,-829,-157
17.540,434,-1018,98
17.561,1041,-392,201
17.580,2065,-176,517
17.601,1255,-1714,1195
17.620,668,-2907,855
17.640,-464,-3768,447
17.660,-24,-2455,263
17.680,901,-881,1922
17.700,6394,4881,559
17.720,-961,-4524,1032
17.740,-2387,-2713,-428
17.760,-23,-441,392
17.779,1305,-1350,2101
17.800,2410,-1897,1171
17.819,1016,-1170,80
17.840,1623,-1089,257
17.859,2295,-855,646
17.880,2184,-757,976
17.899,1761,143,249
17.919,1969,948,1046
17.939,1242,1978,374
17.959,803,2279,578
17.979,606,1688,57
18.000,1086,-54,-455
18.020,2656,19,104
18.040,2160,908,215
18.060,2208,1158,425
18.081,2261,1177,465
18.100,1361,187,126
18.120,1299,-764,504
18.140,822,-1366,954
18.160,-19,-1624,766
18.180,-440,-1482,276
18.200,-214,-1241,204
18.220,15,-952,100
18.240,110,-784,-189
18.259,418,-872,-185
18.280,1041,-512,-133
18.299,1799,-271,467
18.320,1459,-1151,1611
18.339,888,-4143,1658
18.359,-1212,-3999,153
18.379,-48,-2139,1000
18.399,2231,-555,2916
18.419,5335,2260,-1476
18.439,-2365,-3501,1348
18.459,-1378,-911,-524
18.479,337,-952,1067
18.498,2280,-3153,2397
18.519,1750,-1519,194
18.538,1417,-787,526
18.559,2527,-566,289
18.578,2449,-390,864
18.598,1836,284,735
18.618,1820,791,356
18.638,1253,1473,375
18.658,1002,2184,649
18.678,707,1660,295
18.698,875,89,-349
18.718,2132,-121,-29
18.737,2111,926,131
18.758,1640,1060,202
18.777,2412,1221,631
18.798,1776,334,206
18.817,1360,-757,136
18.838,1183,-1097,761
18.857,300,-1260,850
18.877,-330,-1506,506
18.897,-292,-1483,190
18.917,-21,-1268,229
18.937,78,-858,-36
18.957,205,-1122,-162
18.976,418,-1102,5
18.999,1000,-508,47
19.018,1811,-937,884
19.039,1500,-1608,1161
19.058,428,-3486,1101
19.079,-924,-3554,-64
19.098,141,-1902,996
19.118,4215,1028,3167
19.138,3380,974,-2341
19.158,-2981,-2931,1479
19.178,-847,-843,-326
19.198,699,-1517,826
19.218,2103,-2711,1981
19.238,1390,-1235,498
19.257,1633,-871,314
19.278,2222,-822,293
19.297,2243,-658,938
19.318,1870,-278,467
19.337,2059,530,828
19.357,1754,1560,529
19.377,897,2735,509
19.397,618,2581,232
19.417,770,521,-746
19.437,2509,-322,-15
19.457,2539,653,246
19.477,1933,647,450
19.496,2368,607,294
19.517,1493,36,141
19.536,1141,-552,231
19.557,668,-1212,668
19.576,-193,-1404,748
19.596,-710,-1200,224
19.616,-448,-996,45
19.636,-19,-796,249
19.656,273,-662,11
19.676,503,-817,13
19.696,908,-934,93
19.716,1597,-1109,313
19.735,1548,-1489,935
19.756,934,-1854,1084
19.775,-224,-4161,737
19.796,-596,-2955,-285
19.815,258,-1218,1550
19.835,7352,4105,1641
19.855,-118,-2694,-269
19.875,-3472,-2451,412
19.895,103,-729,294
19.915,1458,-2200,1912
19.935,1995,-2364,980
19.955,1248,-848,404
19.975,2132,-787,273
19.997,2468,-746,393
20.016,2084,-589,730
20.037,1978,399,540
20.056,1932,932,608
20.076,1217,2397,458
20.096,771,2806,492
20.116,671,1015,-518
20.136,1863,-326,-316
20.156,2768,352,271
20.176,2113,988,619
20.196,2277,1034,414
20.215,1581,509,156
20.236,1192,-218,309
20.255,985,-1120,952
20.276,290,-1540,1010
20.295,-518,-1596,557
20.315,-719,-1283,277
20.335,-181,-945,262
20.355,198,-647,87
20.375,346,-729,-39
20.395,603,-923,54
20.415,1294,-686,184
20.435,1709,-1029,981
20.454,1221,-2077,1455
20.475,60,-4346,665
20.494,-898,-3267,63
20.515,135,-1847,656
20.534,2589,892,3861
20.554,5096,3257,-2815
20.574,-1946,-4793,1426
20.594,-1445,-1258,-208
20.614,291,-893,1018
20.634,2181,-2629,2120
20.654,1818,-1502,64
20.674,1702,-428,584
20.693,2348,-451,207
20.714,2144,-782,693
20.733,1927,-100,863
20.754,1923,990,688
20.773,1416,1845,320
20.793,1040,2721,562
20.813,683,1888,-231
20.833,1236,41,-622
20.854,3007,17,146
20.873,2284,1014,411
20.894,2087,1088,478
20.913,1762,662,302
20.933,1209,-90,241
20.953,911,-728,608
20.973,272,-986,903
20.993,-346,-1326,833
21.014,-457,-1372,524
21.035,-30,-1160,493
21.054,250,-943,366
21.074,379,-876,83
21.094,511,-1109,-24
21.114,982,-890,94
21.134,1463,-194,275
21.154,1128,-963,1162
21.174,1160,-3705,1178
21.194,-817,-3684,-229
21.213,-189,-2282,951
21.234,3815,-710,2810
21.253,4339,2328,-2231
21.274,-2737,-3068,1535
21.293,-1154,-1375,-404
21.313,468,-1309,619
21.333,2435,-2648,2549
21.353,1470,-1289,34
21.373,1617,-916,176
21.393,2228,-666,157
21.413,2166,-224,843
21.433,1847,22,693
21.452,2161,773,832
21.473,1718,1385,406
21.492,902,2020,291
21.513,692,2178,-258
21.532,1041,333,-412
21.552,2743,635,396
21.572,2345,1178,257
21.592,1633,714,183
21.612,2193,1141,582
21.632,1256,9,217
21.652,1109,-820,541
21.672,739,-1254,995
21.691,-39,-1586,920
21.712,-521,-1528,414
21.732,-407,-1143,186
21.752,-133,-845,206
21.772,43,-615,-93
21.792,257,-838,-114
21.812,878,-894,46
21.831,1965,-1010,453
21.852,1423,-1530,1047
21.871,665,-2330,1316
21.892,-535,-4433,394
21.911,-316,-2561,409
21.931,1883,-569,3093
21.951,6035,2984,-1952
21.971,-2681,-2845,1532
21.991,-1631,-1597,-304
22.012,527,-1429,606
22.032,2224,-2910,2183
22.052,1577,-1243,514
22.072,1546,-822,345
22.092,2209,-980,113
22.112,2447,-780,989
22.132,2154,-275,637
22.152,2093,675,797
22.171,1286,1849,502
22.192,857,2714,707
22.211,737,1782,272
22.232,1012,-99,-372
22.251,2531,-135,45
22.271,2302,762,308
22.291,2022,1108,425
22.311,2437,1466,677
22.331,1392,144,222
22.351,1337,-774,576
22.371,800,-1233,895
22.391,-90,-1772,880
22.410,-669,-1985,455
22.431,-592,-1627,229
22.450,-333,-1037,188
22.471,-222,-718,-79
22.490,-93,-817,-138
22.510,292,-657,-1
22.530,1260,-49,207
22.550,2275,-1025,1064
22.570,1227,-1982,1140
22.590,311,-3475,919
22.610,-780,-3622,340
22.630,-23,-1992,323
22.650,673,-986,629
22.670,3561,6453,4773
22.690,2940,-782,-3356
22.710,-1292,-7232,1571
22.730,-1575,-592,65
22.749,325,-600,1637
22.770,2398,-2129,1502
22.789,1771,-1200,183
22.810,1562,-522,864
22.829,2069,-1589,395
22.850,2188,-1617,860
22.869,1925,221,670
22.889,1949,1632,1058
22.909,1251,2319,320
22.929,835,1992,644
22.949,625,1331,147
22.969,1397,-329,-416
22.989,2791,38,-96
23.010,2516,756,249
23.030,2620,1279,642
23.050,1949,958,249
23.070,1502,79,111
23.090,1163,-606,370
23.110,470,-1212,682
23.129,-325,-1715,783
23.150,-762,-1633,206
23.169,-585,-1402,91
23.190,-286,-971,154
23.209,-39,-571,-215
23.229,142,-598,-388
23.249,634,-332,-304
23.269,1552,42,-48
23.289,1887,-743,1126
23.309,1392,-1684,1814
23.329,-109,-5495,870
23.349,-793,-3009,545
23.368,1257,-1739,2939
23.389,7172,2671,-785
23.408,-1583,-1483,1254
23.429,-2956,-1521,-103
23.448,-101,-1476,534
23.468,1878,-3459,2242
23.488,1972,-1622,689
23.508,1313,-671,337
23.528,1945,-1115,-30
23.548,2437,-784,772
23.569,2223,-343,923
23.588,1968,28,423
23.608,1419,716,549
23.628,1482,2751,752
23.648,664,2599,645
23.668,472,793,113
23.688,1434,-405,-280
23.707,2469,-223,-308
23.728,2145,282,279
23.747,2608,981,602
23.768,2200,1134,454
23.787,1385,-148,-16
23.808,1305,-1063,397
23.827,477,-1280,602
23.847,-512,-1315,532
23.867,-766,-1231,189
23.887,-352,-1276,165
23.907,-110,-999,338
23.927,37,-751,-51
23.947,85,-738,-117
23.967,428,-558,-53
23.986,1146,-476,-4
24.008,1929,-1205,770
24.028,1426,-1387,955
24.048,516,-2773,1569
24.068,-1096,-4345,-190
24.088,-106,-2019,863
24.108,4481,645,4821
24.127,3170,955,-3130
24.148,-2350,-3449,1103
24.167,-1207,-558,-431
24.188,514,-1370,1700
24.207,2893,-3160,1857
24.227,1431,-1201,-113
24.247,1740,-594,520
24.267,2153,-681,675
24.287,2206,-224,1059
24.307,2057,188,577
24.327,1903,546,345
24.347,1401,1442,485
24.366,938,2184,749
24.387,464,1362,-558
24.406,1243,504,-410
24.427,3056,1258,311
24.447,2377,944,132
24.467,2083,727,174
24.487,2301,953,405
24.506,1561,-1,287
24.527,1211,-910,382
24.546,698,-1906,906
24.567,-450,-1736,927
24.586,-1333,-1254,280
24.606,-904,-1057,159
24.626,-311,-717,263
24.646,45,-396,-36
24.666,241,-518,-91
24.686,811,-634,169
24.706,1806,-846,440
24.726,1759,-1732,1276
24.745,1088,-1587,943
24.766,-132,-4033,1195
24.785,-456,-3216,-502
24.806,453,-1501,1766
24.825,6820,3573,1903
24.845,31,-2035,-513
24.865,-3825,-2262,567
24.885,46,-1236,159
24.905,1541,-3019,1874
24.925,2069,-2229,1116
24.945,1608,-783,499
24.965,1974,-1085,151
24.984,2341,-965,991
25.006,2423,-221,797
25.026,2344,869,654
25.046,1337,1953,390
25.066,1140,2475,693
25.086,867,1598,475
25.106,1098,55,-308
25.125,2465,-206,-143
25.146,2332,863,264
25.165,1750,1031,211
25.186,1929,957,394
25.205,1835,959,354
25.225,1129,-496,-57
25.245,1014,-1089,549
25.265,178,-1399,796
25.285,-648,-1525,568
25.305,-560,-1459,83
25.325,-145,-1296,265
25.345,28,-852,181
25.365,109,-753,-205
25.385,294,-1109,57
25.405,938,-778,302
25.425,2160,-817,735
25.445,1579,-1644,1052
25.464,1069,-2857,857
25.485,-769,-3866,281
25.504,-351,-2372,-101
25.525,666,-1146,844
25.544,5094,5542,3300
25.565,755,-2318,-1670
25.584,-1472,-5178,907
25.604,-1009,-753,-101
25.624,428,-549,1778
25.644,2692,-2302,1673
25.664,1677,-1364,133
25.684,1744,-715,587
25.704,2459,-1021,347
25.724,2276,-736,901
25.743,1880,1263,612
25.764,1747,1636,418
25.783,1227,1654,275
25.804,1038,1887,557
25.823,853,1468,-258
25.843,1477,-40,-404
25.863,2610,143,427
25.883,2054,943,519
25.903,2229,535,342
25.923,1728,-63,244
25.943,1360,-373,409
25.963,971,-1093,386
25.982,285,-1482,601
26.004,-545,-1306,408
26.024,-740,-1070,46
26.044,-328,-867,150
26.064,92,-531,81
26.083,410,-355,-84
26.104,740,-764,-58
26.123,1208,-916,-13
26.144,1710,-927,159
26.163,1195,-1460,714
26.184,806,-2065,1107
26.203,-359,-4641,531
26.223,-427,-2929,-30
26.244,575,-1232,2143
26.263,6621,5125,1458
26.284,-1205,-4820,840
26.303,-1544,-2704,-663
26.323,-357,-60,526
26.343,1045,-1032,2419
26.363,2744,-2475,959
26.383,1125,-1444,-209
26.403,1646,-1133,379
26.423,2647,-685,508
26.443,2200,-537,1015
26.462,1771,600,636
26.483,1688,1540,813
26.502,1116,1975,404
26.523,667,2358,780
26.542,544,1119,-379
26.562,1380,-275,-418
26.582,2785,202,157
26.602,2203,902,372
26.622,2433,1040,374
26.642,2140,832,232
26.662,1593,-191,154
26.682,1241,-935,571
26.701,500,-1650,818
26.722,-425,-1759,619
26.741,-950,-1371,147
26.762,-661,-1063,212
26.781,-274,-610,193
26.801,30,-426,-91
26.821,286,-674,-22
26.841,753,-774,70
26.861,1536,-1039,400
26.881,1879,-1868,1062
26.901,1046,-1984,773
26.921,-39,-3770,959
26.940,-653,-2893,-102
26.961,468,-1592,400
26.980,2653,3805,4333
27.002,3997,1689,-3077
27.022,-1927,-6588,1765
27.042,-1334,-766,-459
27.062,259,-388,1773
27.081,2354,-2680,2110
27.102,1505,-1802,-244
27.122,1590,-585,635
27.142,2381,-940,545
27.162,2301,-1321,772
27.181,1991,-22,338
27.202,2000,1169,1081
27.221,1301,2058,331
27.242,793,2151,668
27.261,727,1706,197
27.282,870,-71,-611
27.301,2364,-187,205
27.321,2310,1074,266
27.341,1668,982,251
27.361,2181,1194,523
27.381,1646,468,139
27.401,1369,-551,384
27.420,951,-1127,725
27.441,213,-1738,925
27.460,-592,-1769,589
27.481,-762,-1497,148
27.500,-447,-1078,270
27.521,-226,-673,97
27.540,-25,-636,-186
27.560,291,-716,-59
27.580,1015,-467,62
27.600,2153,-981,655
27.620,1606,-1774,1018
27.640,859,-2531,992
27.660,-727,-4205,399
27.680,-385,-2705,-65
27.699,577,-1077,1238
27.720,6276,6336,2136
27.739,462,-3728,-854
27.760,-2532,-3128,58
27.779,-591,-425,222
27.799,722,-1223,2076
27.819,2732,-2957,1332
27.839,1243,-731,179
27.859,1749,-581,660
27.879,2046,-1064,505
27.899,2060,-718,572
27.919,1917,-360,408
27.938,1916,557,756
27.959,1474,1860,698
27.978,1008,2809,725
28.000,829,2257,216
28.020,817,13,-478
28.040,2375,-393,62
28.060,2234,461,220
28.080,1999,443,558
28.100,2213,783,362
28.120,1461,358,159
28.139,1128,-207,414
28.160,608,-1113,628
28.179,-95,-1736,677
28.200,-726,-1715,400
28.219,-717,-1324,186
28.240,-329,-782,271
28.259,-23,-235,149
28.279,293,-215,-78
28.299,716,-602,114
28.319,1363,-706,66
28.339,1956,-1515,481
28.359,1341,-2098,680
28.378,768,-2522,918
28.399,-173,-3880,284
28.418,-33,-2457,1505
28.439,6441,1495,886
28.458,395,-590,-279
28.479,-3382,-2649,845
28.498,-22,-948,-287
28.518,1252,-2133,1431
28.538,2173,-2399,1547
28.558,1410,-1078,266
28.578,1643,-1104,106
28.598,2043,-768,753
28.618,2204,-23,1074
28.638,1974,116,349
28.657,1943,401,528
28.678,1364,1152,595
28.697,926,2297,850
28.718,544,2008,239
28.737,538,387,-585
28.757,1830,155,48
28.777,2231,700,193
28.797,1662,512,252
28.817,2195,664,274
28.837,1921,516,262
28.857,1200,-507,223
28.877,991,-1302,672
28.896,317,-1754,700
28.917,-724,-1367,438
28.936,-910,-917,164
28.957,-233,-903,230
28.976,162,-660,249
28.998,447,-366,38
29.018,617,-376,-118
29.038,938,-860,118
29.058,1475,-813,280
29.078,2065,-1111,541
29.098,1221,-2066,671
29.118,203,-2442,703
29.137,-480,-3234,191
29.158,13,-2373,167
29.177,1430,-1107,2995
29.198,6122,3949,-1168
29.217,-2380,-4707,998
29.237,-1735,-976,-227
29.257,405,-943,916
29.277,2019,-2724,2054
29.297,1655,-1783,223
29.317,1354,-861,297
29.337,2015,-1157,299
29.357,2233,-1115,814
29.376,2192,-625,639
29.397,2126,605,701
29.416,1862,1333,744
29.437,1115,2618,386
29.456,710,2964,622
29.476,595,842,-604
29.496,1645,-619,-336
29.516,2615,57,229
29.536,1757,735,473
29.556,2161,647,428
29.576,1937,431,167
29.596,1239,-182,352
29.615,890,-1028,590
29.636,201,-1442,730
29.655,-624,-1285,590
29.676,-742,-1001,163
29.695,-271,-940,166
29.715,103,-548,232
29.735,318,-284,-105
29.755,555,-608,-27
29.775,1154,-771,282
29.795,1877,-747,478
29.815,1667,-1682,1067
29.835,858,-2470,823
29.854,-563,-3993,287
29.875,-220,-2766,10
29.894,1042,-1446,2386
29.915,7075,5142,-149
29.935,-2527,-4244,951
29.954,-2063,-1451,-513
29.975,423,-1101,807
29.994,1899,-2991,1860
30.016,1482,-1450,629
30.036,1544,-816,418
30.056,1619,-1329,209
30.076,1931,-1396,817
30.095,2169,-660,671
30.116,1948,-114,240
30.135,1953,551,995
30.156,1444,2190,742
30.175,845,2687,682
30.196,808,1716,259
30.215,966,-201,-448
30.235,2309,-365,94
30.255,2134,891,337
30.275,2250,725,527
30.295,2219,233,414
30.315,1448,43,212
30.334,1126,-301,436
30.355,528,-1130,706
30.374,-230,-1518,741
30.395,-745,-1256,234
30.414,-527,-949,37
30.435,-135,-807,283
30.454,170,-768,34
30.474,358,-725,-258
30.494,691,-649,-185
30.514,1260,-595,156
30.534,1640,-1224,986
30.554,1658,-2052,1227
30.574,107,-4146,732
30.594,-634,-3104,-163
30.613,-9,-1838,1605
30.634,6781,2326,2076
30.653,410,-814,-844
30.674,-3629,-2812,787
30.693,-2,-960,-39
30.713,1281,-2728,1802
30.733,2208,-2300,1210
30.753,1256,-785,450
30.773,1992,-904,263
30.793,2519,-757,339
30.813,2364,-467,943
30.833,1904,326,531
30.853,1367,914,498
30.873,1323,1925,637
30.893,907,2308,619
30.913,705,1975,157
30.933,890,66,-448
30.952,2317,-338,174
30.973,2226,767,266
30.992,2031,867,523
31.014,2076,657,377
31.034,1360,-114,177
31.053,1222,-440,702
31.074,660,-1106,802
31.093,-131,-1767,730
31.114,-868,-1459,437
31.133,-812,-993,125
31.154,-355,-730,249
31.173,-6,-478,98
31.193,274,-487,-110
31.213,711,-622,51
31.233,1587,-719,281
31.253,2226,-1922,504
31.273,1051,-1574,70
31.292,586,-1421,871
31.313,-168,-4131,-135
31.332,113,-2295,616
31.353,4832,659,3473
31.372,2138,1092,-1875
31.393,-3560,-3690,774
31.412,-294,-1003,-28
31.432,868,-1548,1145
31.452,2345,-2607,1649
31.472,1274,-1139,366
31.492,1595,-943,277
31.512,1989,-1238,398
31.531,2110,-982,1032
31.552,1912,-343,271
31.571,1955,262,634
31.592,1565,1458,500
31.611,1175,2763,783
31.632,811,2491,1038
31.651,826,1041,-413
31.671,1418,-873,-261
31.691,2362,-142,408
31.711,2272,1074,766
31.732,2285,1101,540
31.751,1416,-53,-170
31.771,1336,-348,307
31.791,916,-983,769
31.811,233,-1561,612
31.831,-674,-1510,225
31.851,-941,-783,-77
31.871,-348,-584,-45
31.891,187,-384,42
31.910,524,-341,-186
31.931,892,-628,-228
31.950,1570,-1095,45
31.971,1902,-2133,441
31.990,985,-1654,297
32.012,871,-1480,935
32.032,-342,-4068,504
32.051,-100,-2430,-305
32.072,828,-959,3063
32.091,5913,5374,531
32.112,-911,-5895,891
32.131,-1499,-1488,-989
32.151,-489,-161,747
32.171,1043,-1930,1929
32.191,2750,-2383,587
32.211,1342,-659,451
32.231,1457,-833,476
32.251,1707,-1257,489
32.271,1963,-715,568
32.290,1929,-270,715
32.311,1883,973,1038
32.330,1377,1869,184
32.351,791,2258,439
32.370,493,2169,49
32.390,780,88,-607
32.410,2075,-260,210
32.430,2174,786,479
32.450,1800,767,565
32.470,2304,747,284
32.490,1611,164,97
32.510,1363,-331,378
32.529,883,-901,504
32.550,255,-1583,624
32.569,-208,-1732,226
32.590,-434,-1416,-6
32.610,-304,-1101,153
32.629,-115,-551,23
32.650,72,-547,-169
32.669,369,-700,185
32.690,965,-460,355
32.709,1776,-1189,874
32.730,1293,-2324,907
32.749,819,-3524,264
32.769,-404,-2658,420
32.789,230,-1328,-129
32.809,671,44,1496
32.829,5680,5468,675
32.849,-749,-5523,662
32.868,-1699,-2635,-472
32.889,-188,-1094,706
32.908,1047,-1230,1436
32.929,2268,-1498,981
32.948,1451,-425,759
32.969,1426,-1016,357
32.988,1532,-1612,449
33.009,1851,-918,815
33.030,2095,-321,439
33.049,1860,696,920
33.070,1423,1577,323
33.089,953,1672,131
33.109,841,2159,468
33.129,791,959,-584
33.149,1278,-27,-160
33.169,1939,352,520
33.189,1700,612,366
33.208,2136,470,275
33.229,1708,-15,53
33.248,1350,-297,418
33.269,931,-620,657
33.288,309,-1113,709
33.309,-95,-1364,582
33.328,-247,-1171,298
33.348,-191,-1028,248
33.368,-19,-821,219
33.388,105,-529,60
33.408,285,-522,-169
33.428,753,-571,128
33.447,1487,-242,295
33.468,2014,-1010,538
33.488,1014,-2188,420
33.508,116,-2495,351
33.528,103,-2914,72
33.548,274,-2103,1561
33.568,6524,2267,2033
33.587,420,-1087,-990
33.608,-3021,-2901,162
33.627,-317,-1003,250
33.648,786,-1634,1757
33.667,2713,-2195,1329
33.687,1115,-827,61
33.707,1414,-784,309
33.727,1735,-1153,391
33.747,1776,-665,889
33.767,1806,-440,461
33.787,1754,-232,551
33.807,1501,647,669
33.826,950,1852,466
33.847,744,1980,564
33.866,638,1524,30
33.887,754,-286,-482
33.906,1795,-302,243
33.927,1576,605,342
33.946,1382,526,369
33.966,2452,1231,901
33.986,1350,157,147
34.007,1130,-470,358
34.028,829,-769,715
34.047,192,-1163,754
34.068,-105,-1413,470
34.087,-81,-1315,227
34.107,-73,-1067,311
34.127,-71,-862,220
34.147,107,-866,-14
34.167,371,-945,-77
34.187,709,-477,30
34.206,1727,-193,355
34.227,2157,-1630,755
34.246,868,-1409,130
34.267,51,-2393,884
34.286,151,-2709,11
34.307,1062,-1476,1466
34.326,5022,3574,1013
34.346,32,-1673,-552
34.366,-1323,-3231,686
34.386,-353,-783,-283
34.406,389,-947,836
34.426,1849,-2000,1359
34.446,1651,-945,637
34.466,875,-722,452
34.486,1305,-880,414
34.506,1511,-676,789
34.526,1584,-507,792
34.546,1821,-377,439
34.566,1750,259,960
34.585,1512,631,495
34.606,1019,970,-198
34.625,609,2007,425
34.646,735,1809,79
34.665,889,1087,2
34.685,922,-4,-97
34.705,1198,-450,198
34.725,1780,113,723
34.745,2426,393,687
34.765,1318,-667,31
34.785,1116,-708,181
34.805,651,-615,417
34.824,177,-721,402
34.845,91,-881,128
34.864,108,-819,-50
34.885,158,-852,8
34.904,396,-999,-5
34.924,680,-977,-93
34.944,911,-752,-26
34.964,1467,-276,184
34.984,2134,-204,340
35.005,1575,-730,350
35.025,686,-1003,357
35.045,21,-2583,576
35.065,126,-2798,-83
35.085,624,-1149,1414
35.105,3692,2900,2633
35.125,1348,1587,-160
35.145,-62,-3006,1706
35.164,-7,-1818,-1014
35.204,829,-1446,1224
35.225,1947,-1374,351
35.244,1275,-546,283
35.264,689,-643,677
35.284,913,-718,529
35.304,1137,-160,484
35.325,1060,-38,613
35.344,1008,-338,442
35.365,970,-341,458
35.384,893,-177,727
35.404,873,-88,617
35.424,883,354,283
35.444,870,1185,253
35.464,728,1009,31
35.484,818,261,-79
35.504,1075,20,-54
35.524,1415,202,138
35.543,2159,645,764
35.564,2229,548,1023
35.583,1682,60,579
35.604,1546,-575,349
35.623,1078,-204,342
35.643,1021,-1258,913
35.663,1014,-864,141
35.683,244,-249,-256
35.703,-155,81,62
35.723,74,-85,20
35.743,288,-445,-49
35.763,373,-593,86
35.782,434,-520,-11
35.803,509,-630,-5
35.822,669,-832,85
35.843,757,-1090,231
35.862,1297,-2002,646
35.882,1055,-1837,387
35.902,958,-655,408
35.922,756,-1097,397
35.942,1331,-3638,427
35.962,3501,-476,-3366
35.981,1136,6224,1926
36.003,942,725,154
36.023,802,-5450,379
36.043,-74,-1672,-271
36.063,260,199,1447
36.083,1149,-78,1123
36.103,1438,-265,63
36.122,954,209,448
36.143,703,-102,876
36.162,830,-779,476
36.183,910,-1007,389
36.203,820,-375,641
36.223,715,232,445
36.243,703,375,360
36.262,864,369,531
36.283,957,240,433
36.302,904,16,214
36.323,847,72,12
36.342,924,145,118
36.362,940,-75,223
36.382,918,-114,370
36.402,930,-146,578
36.422,895,-351,585
36.442,923,-610,593
36.462,929,-394,737
36.482,760,-550,1006
36.501,773,-809,1037
36.522,746,-606,635
36.541,685,-668,359
36.562,626,-561,350
36.581,648,-218,286
36.601,977,152,45
36.621,1327,650,39
36.641,1323,594,-271
36.661,1032,150,-311
36.681,972,-173,-66
36.701,967,-210,-59
36.721,938,-388,-231
36.740,976,-631,-51
36.761,781,-488,144
36.780,718,-289,275
36.801,672,44,385
36.820,699,358,421
36.840,817,374,472
36.860,945,216,459
36.880,959,-173,439
36.900,827,-709,329
36.920,687,-540,202
36.940,1139,-543,42
36.960,1948,-718,772
36.979,1392,2406,581
37.001,182,908,-321
37.021,106,-489,551
37.041,1378,-1531,1111
37.061,1276,-1141,-150
37.081,765,-83,370
37.101,778,442,487
37.121,945,475,325
37.141,950,151,589
37.161,891,-291,497
37.180,911,-479,382
37.201,898,-455,532
37.220,890,-296,476
37.241,912,-146,389
37.260,899,-31,443
37.281,864,-61,477
37.300,904,-273,443
37.320,903,-350,455
37.340,867,-310,460
37.360,863,-213,482
37.380,881,-128,485
37.400,912,-128,424
37.419,932,-167,364
37.440,958,-147,296
37.459,930,21,366
37.480,913,145,301
37.499,874,200,239
37.520,909,243,323
37.539,1012,97,240
37.559,1005,-14,209
37.579,1033,46,309
37.599,1056,51,348
37.619,1027,12,368
37.639,1041,-23,370
37.658,1140,-63,357
37.679,1150,45,375
37.698,1152,149,318
37.719,1271,122,267
37.738,1386,95,225
37.759,1462,178,249
37.778,1435,347,395
37.798,1309,-124,474
37.818,1344,-519,532
37.838,1146,57,433
37.858,854,8,121
37.878,786,-1016,467
37.897,941,-683,317
37.918,729,130,104
37.937,580,166,-54
37.958,527,-69,56
37.977,499,-239,166
38.000,497,-303,239
38.019,537,-297,229
38.039,644,-310,191
38.059,768,-418,233
38.079,942,-602,347
38.099,1039,-662,210
38.119,1180,-690,159
38.139,1425,-615,446
38.159,1665,-234,624
38.178,1610,47,373
38.199,1438,-911,782
38.218,785,-2246,472
38.239,605,-1540,94
38.258,1361,-222,770
38.278,2094,3396,300
38.298,869,391,-1195
38.318,929,-737,-31
38.338,1020,-348,578
38.358,1543,-648,991
38.378,956,-623,434
38.398,469,-339,266
38.417,662,-384,480
38.438,1089,-244,309
38.457,1381,-161,293
38.478,1072,191,264
38.497,764,459,265
38.517,813,144,316
38.537,1112,-465,452
38.557,1112,-790,267
38.577,826,-338,224
38.597,887,163,403
38.617,1020,243,303
38.637,980,-14,290
38.656,974,-206,203
38.677,1020,-134,150
38.696,982,108,158
38.717,998,333,245
38.736,1031,392,307
38.756,1031,295,348
38.776,1129,140,276
38.796,1158,-22,33
38.816,1181,77,180
38.836,1194,263,377
38.856,1342,445,494
38.876,1305,445,364
38.895,1444,285,158
38.916,1674,193,188
38.935,1550,645,602
38.956,1444,-27,937
38.976,1511,6,751
38.997,1228,228,188
39.017,612,-778,391
39.037,786,-1289,640
39.057,775,117,278
39.077,414,172,-33
39.096,323,-301,172
39.117,314,-464,294
39.136,361,-519,182
39.157,434,-515,157
39.176,493,-514,204
39.197,510,-486,121
39.216,783,-477,-120
39.236,794,-746,207
39.256,610,-133,415
39.276,1273,-202,122
39.296,2058,-567,648
39.316,1816,-432,662
39.335,1482,-303,179
39.356,1159,-1564,855
39.375,715,-2036,127
39.396,870,-980,491
39.415,1667,959,1101
39.436,1883,3042,-180
39.455,1141,-253,-1060
39.475,1213,-671,230
39.495,960,-615,696
39.515,952,-546,891
39.535,877,-472,738
39.555,734,-663,341
39.574,889,-796,205
39.595,1109,-353,196
39.614,1118,135,394
39.635,937,598,422
39.654,826,425,401
39.675,904,-141,415
39.694,1039,-571,409
39.714,931,-485,200
39.734,887,0,219
39.754,967,417,258
39.774,959,395,342
39.794,895,131,437
39.813,914,-170,337
39.834,897,-122,291
39.854,1007,12,266
39.874,1074,220,426
39.894,1191,331,251
39.914,1209,349,159
39.934,1214,321,261
39.953,1263,231,325
39.974,1330,199,400
39.993,1444,549,400
40.015,1592,716,292
40.035,2046,562,143
40.055,1750,556,302
40.075,1532,38,932
40.094,1598,-59,1040
40.115,1292,473,345
40.134,480,-475,200
40.155,555,-1393,518
40.174,697,48,411
40.194,430,167,-111
40.214,306,-224,42
40.234,297,-280,280
40.254,361,-362,161
40.274,472,-362,164
40.294,548,-296,201
40.314,602,-344,123
40.333,804,-505,199
40.354,1192,-606,232
40.373,1520,-682,194
40.394,1589,-738,491
40.413,1743,-265,350
40.433,1573,199,481
40.453,1113,-1506,1025
40.473,722,-2581,3
40.493,930,-1308,661
40.513,2274,2442,1107
40.533,1618,1644,-1231
40.553,1071,-816,-243
40.572,1063,-373,679
40.593,1273,-763,978
40.612,913,-707,690
40.633,449,-700,503
40.652,749,-959,228
40.673,1090,-600,151
40.692,1239,-112,418
40.712,1048,520,428
40.732,846,615,352
40.752,877,158,338
40.772,1033,-313,452
40.792,883,-346,225
40.812,865,12,316
40.832,994,359,444
40.852,994,271,314
40.872,921,-94,283
40.892,941,-336,300
40.912,1068,-216,138
40.932,1081,229,159
40.951,1020,689,396
40.972,1160,627,465
40.991,1289,104,215
41.013,1321,104,172
41.033,1442,427,340
41.052,1619,775,377
41.073,1951,697,296
41.092,2132,693,228
41.113,1529,411,722
41.132,1610,-354,1194
41.152,1508,411,640
41.172,698,344,216
41.192,382,-1573,398
41.212,711,-590,541
41.232,454,287,-11
41.252,308,-148,-195
41.272,261,-181,148
41.291,278,-200,170
41.312,445,-326,89
41.331,656,-299,114
41.352,878,-264,-73
41.371,1058,-701,165
41.391,994,-491,456
41.411,1406,-552,116
41.431,1898,-634,408
41.451,1702,-427,741
41.471,1387,-388,395
41.491,986,-1728,918
41.511,684,-1994,105
41.530,1068,-981,710
41.551,2353,2711,1244
41.570,1806,1392,-1372
41.591,1213,-1400,-253
41.610,903,-962,735
41.630,708,-753,811
41.650,725,-627,815
41.670,800,-629,489
41.691,972,-699,296
41.710,1155,-474,167
41.731,1057,-75,293
41.750,960,426,520
41.770,957,361,533
41.790,939,-66,428
41.810,918,-369,320
41.830,864,-212,217
41.850,921,114,346
41.870,1023,199,320
41.890,967,139,337
41.909,934,57,402
41.930,978,-73,286
41.949,988,-55,225
41.970,1066,196,343
41.989,1144,370,369
42.010,1219,550,387
42.031,1263,379,130
42.050,1315,290,132
42.071,1433,340,171
42.090,1941,654,378
42.111,2141,731,129
42.130,1672,1000,135
42.150,1620,328,998
42.170,1844,-174,1241
42.190,1267,753,353
42.210,571,-476,383
42.230,685,-1390,858
42.249,614,-2,414
42.270,349,-67,-95
42.289,299,-468,106
42.310,158,-310,273
42.329,152,-318,75
42.350,343,-324,55
42.369,492,-182,101
42.389,687,-326,75
42.409,880,-543,356
42.429,1428,-487,388
42.449,2030,-711,529
42.469,1811,-893,818
42.488,1484,-391,353
42.509,960,-1455,1020
42.528,668,-2024,131
42.549,1102,-1253,461
42.569,1961,1189,758
42.589,2176,3303,-909
42.609,943,-1223,-509
42.628,1133,-926,677
42.649,1246,-1067,1307
42.668,814,-878,504
42.689,351,-760,490
42.708,670,-600,411
42.728,1156,-224,292
42.748,1487,33,303
42.768,1031,245,289
42.788,744,158,357
42.808,878,-66,511
42.828,1067,-541,521
42.848,886,-508,181
42.867,810,-104,327
42.888,999,209,402
42.907,1137,134,260
42.928,1096,-11,177
42.947,868,207,161
42.967,987,394,320
42.987,1161,402,428
43.008,1217,571,471
43.029,1293,380,223
43.048,1250,389,21
43.069,1263,530,172
43.088,1653,589,323
43.108,2162,706,481
43.128,1957,961,205
43.148,1537,439,630
43.168,1715,-191,1325
43.188,1501,468,492
43.208,674,-433,203
43.228,649,-1547,774
43.247,599,57,438
43.268,259,38,-136
43.287,225,-560,157
43.308,230,-333,365
43.327,189,-188,173
43.347,367,-281,23
43.367,616,-461,149
43.387,828,-528,147
43.407,1098,-588,227
43.427,1173,-533,282
43.447,1379,-250,204
43.467,1788,-85,632
43.487,1721,-229,747
43.507,1381,-616,456
43.527,804,-2496,820
43.547,758,-1780,38
43.567,1498,-888,933
43.586,2772,3256,140
43.607,1243,-175,-1651
43.626,961,-1123,404
43.647,1060,-852,1354
43.666,948,-865,1080
43.687,466,-661,368
43.706,748,-984,358
43.726,1265,-843,194
43.746,1296,-228,134
43.766,903,314,441
43.786,798,581,419
43.806,959,283,444
43.825,1063,-158,513
43.846,828,-326,240
43.865,836,-159,247
43.886,1031,67,299
43.905,1033,266,310
43.926,994,76,378
43.945,1162,-199,148
43.965,1118,-36,49
43.985,1024,590,359
44.006,1204,848,497
44.027,1309,483,271
44.046,1285,346,67
44.066,1381,566,196
44.086,1705,732,252
44.106,2152,796,436
44.126,1777,742,387
44.146,1588,360,895
44.165,1805,12,1180
44.186,1248,252,224
44.205,742,-1381,599
44.226,846,-683,531
44.245,517,508,-50
44.265,197,-120,-16
44.285,288,-485,303
44.305,323,-478,107
44.325,337,-415,-96
44.345,441,-359,-34
44.366,565,-329,-30
44.385,766,-454,30
44.405,1072,-553,171
44.425,1388,-558,223
44.445,1669,-567,391
44.465,2065,-703,524
44.485,1670,-369,421
44.504,950,-1572,1210
44.525,642,-2501,87
44.544,856,-1605,816
44.565,2070,653,721
44.584,2220,4208,-816
44.605,722,-619,-371
44.624,851,-498,893
44.644,1437,-1415,1796
44.664,1061,-1578,145
44.684,308,-1205,550
44.704,637,-479,494
44.724,1240,-276,213
44.743,1456,-177,344
44.764,893,302,362
44.783,719,402,331
44.804,978,45,389
44.823,1124,-429,454
44.844,834,-259,222
44.863,849,-90,271
44.883,990,109,311
44.903,1034,371,419
44.923,989,264,317
44.943,1004,-16,176
44.963,1068,114,274
44.982,1149,636,501
45.004,1315,749,447
45.024,1344,354,10
45.044,1309,437,39
45.064,1427,593,228
45.084,2152,662,504
45.104,2202,680,200
45.123,1566,529,275
45.144,1539,79,1238
45.163,1582,289,828
45.184,883,41,239
45.203,676,-1164,725
45.223,634,86,315
45.244,391,-1,-243
45.263,349,-669,131
45.284,241,-573,189
45.303,186,-429,-89
45.324,329,-389,-95
45.343,516,-258,10
45.363,686,-249,-79
45.383,1001,-449,36
45.403,1430,-634,222
45.423,1709,-676,305
45.443,1841,-446,289
45.462,1483,-224,517
45.483,1237,-834,816
45.502,1055,-2251,731
45.523,836,-2171,363
45.542,1493,269,785
45.563,2633,3162,-756
45.582,961,-670,-604
45.602,872,-574,667
45.622,999,-894,1243
45.642,741,-963,926
45.662,469,-870,351
45.682,738,-782,405
45.701,1283,-422,180
45.722,1406,-78,146
45.741,924,357,297
45.762,689,279,346
45.781,928,-175,313
45.802,1185,-696,336
45.821,915,-495,138
45.841,881,-110,442
45.861,1105,-7,340
45.881,1220,31,215
45.901,1026,353,230
45.921,896,556,201
45.940,1047,498,333
45.961,1241,526,425
45.980,1364,374,172
46.002,1336,351,-44
46.022,1453,682,90
46.041,1894,929,378
46.062,2202,901,514
46.081,1809,830,476
46.102,1622,-78,1078
46.122,1710,231,761
46.142,813,-304,226
46.162,775,-1459,577
46.181,619,323,61
46.202,198,383,-166
46.221,150,-409,128
46.242,410,-704,112
46.261,477,-668,-162
46.281,421,-427,-149
46.301,526,-172,-23
46.321,823,-180,-64
46.341,1349,-326,129
46.361,1654,-519,212
46.381,1288,-507,35
46.401,1633,-465,357
46.420,2071,-568,455
46.441,1154,-1170,740
46.460,533,-2703,504
46.481,694,-1608,337
46.500,1845,919,1147
46.520,2475,3626,-955
46.540,941,-1159,-574
46.560,1083,-1137,781
46.580,1059,-1581,1215
46.600,685,-968,616
46.620,374,-413,522
46.640,627,-313,611
46.659,1353,-418,358
46.680,1549,-447,114
46.699,913,17,273
46.720,703,200,320
46.739,915,34,405
46.759,1087,-362,449
46.779,904,-466,212
46.799,860,-282,339
46.819,1101,-98,347
46.839,1141,122,244
46.859,928,497,311
46.879,920,526,245
46.898,1051,333,318
46.919,1181,409,445
46.938,1316,420,236
46.959,1263,351,44
46.978,1264,573,162
47.000,1560,589,260
47.020,2080,611,575
47.040,1903,626,275
47.060,1670,605,578
47.080,1675,-58,1164
47.100,1479,331,471
47.120,721,-571,382
47.140,852,-1289,726
47.160,635,290,130
47.179,227,42,-153
47.200,186,-369,247
47.219,234,-436,226
47.240,269,-440,-94
47.259,397,-413,-93
47.279,571,-373,16
47.299,757,-401,2
47.319,1044,-465,69
47.339,1355,-515,163
47.359,1658,-596,301
47.379,1986,-590,475
47.399,1734,-468,359
47.418,1124,-958,848
47.439,769,-2524,550
47.458,709,-1996,238
47.479,1614,-679,608
47.498,2514,5169,166
47.518,680,-302,-965
47.538,1063,-993,695
47.558,1352,-1123,1136
47.578,925,-1105,726
47.598,457,-841,638
47.617,648,-487,537
47.638,1033,-361,281
47.657,1422,-354,136
47.678,1153,-49,226
47.697,814,357,355
47.718,795,302,403
47.737,1015,-154,407
47.757,1013,-564,308
47.777,848,-284,262
47.797,923,102,500
47.817,1038,216,411
47.837,994,231,287
47.856,1067,167,147
47.877,1069,176,123
47.896,1136,495,456
47.917,1326,674,490
47.936,1305,439,76
47.957,1261,470,66
47.976,1423,552,228
47.998,1888,760,495
48.018,2105,580,326
48.038,1747,663,297
48.058,1579,133,1029
48.078,1587,152,1043
48.097,1019,259,133
48.118,610,-1287,593
48.137,692,-393,527
48.158,383,498,-172
48.177,229,-171,-51
48.198,301,-407,325
48.217,314,-356,153
48.237,392,-391,-61
48.257,539,-354,58
48.277,686,-368,62
48.297,962,-543,115
48.317,1295,-627,195
48.336,1563,-600,339
48.357,1753,-575,648
48.376,1773,-525,545
48.397,1252,-798,787
48.416,704,-2237,778
48.436,839,-1826,70
48.456,1551,-295,738
48.476,2634,3951,-132
48.496,1015,-482,-1221
48.516,813,-1137,549
48.536,834,-939,1393
48.556,1081,-983,1031
48.575,538,-824,309
48.596,656,-742,557
48.615,1132,-389,125
48.636,1472,-180,166
48.655,1070,132,399
48.675,744,257,416
48.695,838,34,309
48.715,1034,-351,410
48.735,1017,-562,309
48.755,840,-289,306
48.775,976,42,427
48.795,1221,108,251
48.814,1039,118,207
48.835,816,336,338
48.854,999,257,289
48.875,1213,336,405
48.894,1300,620,378
48.914,1295,587,85
48.935,1260,561,105
48.954,1387,535,114
48.975,2024,620,395
48.994,2115,629,291
49.016,1662,606,386
49.036,1654,73,1186
49.055,1547,70,745
49.076,969,204,208
49.095,753,-1414,821
49.116,692,-319,474
49.135,358,137,-43
49.156,250,-408,89
49.175,177,-533,276
49.195,150,-438,88
49.215,261,-389,-78
49.235,448,-396,12
49.255,709,-281,-179
49.275,995,-489,61
49.294,1035,-269,473
49.315,1427,-305,422
49.334,2062,-690,646
49.355,1849,-754,650
49.374,1191,-1034,819
49.395,654,-2098,809
49.414,703,-1804,372
49.434,1236,-920,857
49.454,2764,3609,597
49.474,1260,1112,-1799
49.494,961,-1005,68
49.514,878,-945,1165
49.533,1008,-1189,1503
49.554,689,-1002,390
49.573,535,-982,482
49.594,926,-557,246
49.613,1434,15,170
49.634,1228,374,453
49.653,725,244,360
49.673,729,-129,316
49.693,1126,-526,528
49.713,1007,-544,286
49.733,775,-147,271
49.753,883,142,454
49.772,1087,236,333
49.793,1118,120,266
49.813,891,45,234
49.833,944,130,212
49.853,1117,226,355
49.872,1240,591,501
49.893,1312,611,295
49.912,1242,421,57
49.933,1253,501,186
49.952,1697,557,358
49.973,2229,502,506
49.992,1954,699,199
50.013,1537,398,603
50.034,1641,-215,1277
50.053,1476,469,535
50.074,758,-395,250
50.093,741,-1358,609
50.113,576,105,152
50.133,263,39,-249
50.153,231,-459,67
50.173,171,-430,170
50.193,208,-392,0
50.212,353,-375,-47
50.233,522,-370,6
50.252,676,-360,3
50.273,975,-419,12
50.292,1456,-488,158
50.312,1582,-487,284
50.332,1776,-290,390
50.352,1936,-164,430
50.372,1261,-291,725
50.392,882,-2531,997
50.412,482,-2089,-111
50.432,1235,-1130,1052
50.451,2573,2806,842
50.472,1322,1604,-1271
50.491,993,-1107,169
50.512,993,-633,808
50.531,1152,-1032,950
50.551,892,-953,549
50.571,569,-555,527
50.591,754,-350,383
50.611,1139,-389,182
50.631,1299,-349,231
50.651,1028,203,309
50.671,835,408,388
50.691,888,30,401
50.711,990,-390,382
50.731,900,-285,267
50.751,913,-43,344
50.771,987,-13,307
50.790,1041,-54,355
50.811,1192,-177,270
50.830,1002,62,59
50.851,1003,514,251
50.870,1144,704,388
50.890,1225,539,390
50.910,1289,236,42
50.930,1284,332,90
50.950,1465,607,213
50.970,1981,779,383
50.990,2185,647,184
51.011,1644,787,376
51.032,1593,235,1207
51.051,1567,-151,817
51.071,999,50,132
51.091,549,-1112,641
51.111,683,-725,664
51.131,439,175,-7
51.151,284,-315,-130
51.170,243,-340,193
51.191,194,-221,111
51.210,321,-243,-29
51.231,549,-236,75
51.250,721,-209,95
51.271,971,-315,159
51.290,1325,-504,270
51.310,1646,-619,344
51.330,1726,-632,709
51.350,1705,-633,630
51.370,1325,-451,569
51.390,824,-1993,993
51.409,778,-1692,-55
51.430,1297,-900,683
51.449,2606,3033,405
51.470,1409,1456,-1964
51.489,808,-1399,18
51.510,528,-802,1332
51.529,1667,-1211,1914
51.549,746,-729,-120
51.569,258,-660,677
51.589,935,-830,242
51.610,1584,-598,-32
51.629,1222,92,363
51.649,701,607,442
51.669,712,278,250
51.689,1073,-250,453
51.709,1107,-665,359
51.729,783,-231,265
51.749,844,217,506
51.769,1038,91,143
51.788,1018,111,124
51.809,1000,109,334
51.828,972,137,215
51.849,1082,259,137
51.868,1109,430,308
51.888,1220,533,477
51.908,1258,404,269
51.928,1249,248,179
51.948,1316,339,265
51.968,1498,326,221
51.988,2008,669,517
52.009,2065,623,224
52.029,1452,617,171
52.049,1389,252,1064
52.069,1634,245,1046
52.089,1095,229,-83
52.109,594,-1380,659
52.129,761,-645,704
52.149,491,292,-135
52.168,270,-219,-138
52.189,196,-364,210
52.208,184,-306,112
52.229,323,-279,-56
52.248,544,-258,29
52.268,726,-260,5
52.288,965,-407,67
52.308,1192,-504,125
52.328,1515,-394,148
52.348,1874,-270,377
52.368,1818,-223,483
52.388,1601,-298,502
52.407,1209,-1982,1172
52.428,562,-2456,111
52.447,979,-1018,927
52.468,2604,2003,596
52.488,1667,1235,-1331
52.507,881,-479,-67
52.528,674,-766,1106
52.547,1044,-1311,1535
52.568,964,-1034,332
52.587,568,-951,373
52.608,874,-599,391
52.627,1227,-153,72
52.647,1194,113,423
52.667,852,425,455
52.687,790,269,320
52.707,997,-139,469
52.727,1042,-496,524
52.746,858,-320,212
52.767,897,-79,271
52.786,1016,163,392
52.807,1020,216,410
52.826,912,110,471
52.847,940,4,260
52.866,1046,64,198
52.886,1189,316,349
52.906,1183,589,360
52.926,1232,575,315
52.946,1272,387,51
52.966,1272,427,101
52.985,1427,431,155
53.007,1938,646,348
53.027,2022,483,5
53.047,1649,673,328
53.067,1745,308,1264
53.086,1690,56,1007
53.107,1126,435,219
53.126,576,-1040,415
53.147,747,-1192,664
53.166,508,146,243
53.187,277,-163,-209
53.206,234,-467,71
53.226,147,-190,262
53.246,226,-138,61
53.266,445,-248,114
53.286,589,-251,180
53.306,737,-325,130
53.325,1037,-498,251
53.346,1366,-680,290
53.366,1522,-900,415
53.386,1770,-833,545
53.406,1667,-421,344
53.426,1177,-453,859
53.446,865,-1934,656
53.465,649,-2079,126
53.486,886,-1517,723
53.505,2154,1535,464
53.526,1911,4418,-826
53.545,639,-915,-75
53.565,998,-1373,1559
53.585,2003,-2097,686
53.605,641,-1120,-155
53.625,184,-340,1107
53.645,663,-135,254
53.665,1490,-365,292
53.685,1397,-324,253
53.704,842,118,354
53.725,835,105,391
53.744,986,-115,520
53.765,1032,-263,491
53.784,866,-123,381
53.804,918,115,345
53.824,1075,160,258
53.844,947,221,309
53.864,861,160,275
53.884,1037,-32,286
53.904,1101,86,178
53.924,1064,285,177
53.943,1198,431,381
53.964,1292,458,307
53.983,1274,404,42
54.005,1373,598,230
54.025,1661,861,254
54.045,2078,854,150
54.065,1908,672,487
54.084,1668,-18,1100
54.105,1627,-453,878
54.124,1109,-70,254
54.145,700,-1141,686
54.164,753,-766,461
54.184,467,159,-141
54.204,266,-219,-295
54.224,248,-264,-42
54.244,212,-260,-40
54.264,289,-264,-94
54.284,465,-133,-66
54.304,583,-131,-43
54.324,755,-300,-61
54.344,1177,-483,-13
54.364,1676,-630,141
54.384,1770,-664,278
54.404,1725,-388,465
54.423,1624,-54,604
54.444,1049,-1329,1030
54.463,469,-2763,228
54.484,792,-1048,442
54.503,2261,1497,1172
54.524,1932,3121,-977
54.543,714,-1044,-291
54.563,819,-937,921
54.583,1350,-2118,1611
54.603,1003,-1307,135
54.623,476,-514,460
54.643,675,256,715
54.663,1040,15,178
54.683,1438,-567,318
54.702,1145,-764,426
54.723,800,-252,130
54.742,867,224,158
54.763,995,210,502
54.782,917,-121,278
54.802,914,-178,202
54.822,985,-180,264
54.842,1025,-153,258
54.862,1070,-27,289
54.882,1019,206,145
54.902,1032,509,215
54.922,1167,484,260
54.941,1161,423,249
54.962,1233,361,196
54.981,1346,216,31
55.003,1356,375,78
55.023,1549,554,133
55.042,1900,677,311
55.063,1886,712,297
55.082,1617,857,630
55.103,1477,19,1214
55.122,1455,-72,731
55.142,966,-256,266
55.162,695,-1415,794
55.182,734,-326,627
55.203,445,162,-88
55.222,280,-402,-22
55.243,218,-482,260
55.262,183,-431,103
55.282,270,-365,-98
55.302,428,-291,22
55.322,552,-212,20
55.342,787,-258,16
55.362,1047,-213,117
55.381,1386,-274,140
55.402,1713,-448,356
55.421,1917,-484,496
55.442,1748,-317,283
55.461,1306,-617,703
55.482,992,-2363,577
55.501,669,-1693,141
55.521,1300,-710,836
55.541,2800,3910,561
55.561,1037,720,-1576
55.581,867,-1091,203
55.601,631,-980,1178
55.620,1232,-1573,1400
55.641,835,-991,245
55.660,595,-590,541
55.681,939,-487,313
55.700,1328,-593,-80
55.721,1201,-268,354
55.740,850,336,480
55.760,717,478,392
55.780,874,102,343
55.800,1087,-460,423
55.820,987,-484,238
55.840,869,-110,184
55.859,975,93,300
55.880,1017,90,279
55.899,999,9,347
55.920,915,158,273
55.939,934,428,190
55.960,1156,473,306
55.979,1342,246,270
56.000,1272,303,275
56.021,1282,445,336
56.040,1309,394,265
56.061,1595,376,255
56.081,1849,726,446
56.101,1991,716,252
56.121,1636,648,286
56.140,1513,51,1031
56.161,1734,174,975
56.180,1197,243,-97
56.201,560,-1318,442
56.220,694,-804,627
56.240,466,474,-12
56.260,164,-23,-199
56.280,232,-445,170
56.300,305,-509,167
56.320,357,-401,-92
56.340,466,-295,-96
56.360,579,-238,-32
56.379,803,-269,-11
56.400,1102,-266,94
56.419,1528,-289,183
56.440,1770,-493,317
56.459,1824,-445,395
56.479,1775,-312,423
56.499,1276,-1214,892
56.519,686,-2594,273
56.539,749,-1399,407
56.559,1849,1084,1025
56.579,2388,3752,-776
56.599,868,-1064,-849
56.618,576,-1067,939
56.639,1622,-1679,1762
56.658,1155,-1056,88
56.679,134,-682,703
56.698,676,-666,278
56.718,1375,-514,-46
56.738,1497,-190,374
56.758,851,151,581
56.778,637,319,310
56.798,912,133,402
56.818,1164,-307,498
56.838,870,-260,270
56.857,810,-50,279
56.878,973,97,291
56.897,1012,226,304
56.918,912,256,423
56.937,913,218,217
56.957,1108,133,121
56.977,1128,261,224
56.999,1150,539,426
57.019,1226,437,370
57.039,1278,138,42
57.058,1361,184,183
57.079,1629,511,375
57.098,1825,771,480
57.119,2146,477,248
57.138,1668,438,282
57.159,1567,214,1214
57.178,1591,128,1021
57.198,1169,381,-9
57.218,506,-1123,403
57.238,713,-1122,651
57.258,501,185,105
57.278,167,-81,-279
57.297,111,-364,58
57.318,124,-259,198
57.337,216,-202,99
57.358,406,-209,113
57.377,555,-241,102
57.398,693,-327,47
57.417,963,-404,172
57.437,1394,-414,198
57.457,1820,-598,389
57.477,1753,-620,599
57.497,1736,-197,335
57.517,1485,-254,750
57.536,884,-2521,867
57.557,699,-1933,-145
57.576,1418,-277,879
57.597,2713,4191,-3
57.616,1012,-319,-1465
57.637,944,-1157,464
57.656,843,-956,1347
57.676,1010,-1159,1118
57.696,546,-799,272
57.716,630,-737,573
57.736,1149,-501,101
57.756,1496,-257,61
57.775,1034,49,415
57.796,680,264,366
57.815,782,94,345
57.836,1067,-167,453
57.855,1033,-340,317
57.876,840,-129,243
57.895,923,-81,280
57.915,1021,-179,246
57.935,1077,-191,308
57.955,957,54,260
57.976,970,317,126
57.997,1092,426,251
58.016,1283,409,488
58.037,1375,373,475
58.056,1285,374,161
58.077,1286,472,165
58.096,1430,492,190
58.117,1876,719,433
58.136,2094,673,244
58.156,1635,784,262
58.176,1533,112,986
58.196,1656,91,1002
58.216,1179,528,148
58.236,470,-932,337
58.255,719,-1199,714
58.276,608,226,240
58.295,270,3,-242
58.316,240,-246,89
58.335,262,-188,267
58.356,364,-233,7
58.375,585,-262,-12
58.395,721,-287,107
58.415,859,-351,139
58.435,1146,-441,207
58.455,1637,-528,351
58.475,1822,-672,448
58.494,1712,-543,625
58.515,1540,-634,370
58.534,1021,-1590,907
58.555,695,-1745,173
58.574,1021,-949,581
58.595,2439,2005,625
58.614,2181,1252,-1713
58.634,979,-1218,127
58.654,709,-1336,1423
58.674,840,-1178,1230
58.694,375,-912,404
58.714,595,-1004,381
58.733,1109,-410,331
58.754,1665,-30,220
58.773,1071,-77,368
58.794,646,-70,378
58.813,779,-5,468
58.834,1124,-195,558
58.854,1030,-355,255
58.873,837,-150,221
58.894,911,143,436
58.913,1120,177,364
58.934,971,221,247
58.953,809,319,245
58.973,914,243,249
58.993,1077,133,305
59.014,1192,284,379
59.035,1248,413,356
59.054,1293,372,157
59.074,1345,399,205
59.094,1530,616,329
59.114,1785,826,409
59.134,2090,711,294
59.154,1741,666,399
59.174,1655,-29,1114
59.194,1650,85,907
59.213,1088,335,59
59.234,597,-1399,591
59.253,848,-822,607
59.274,491,389,-95
59.293,212,-78,-244
59.313,259,-335,91
59.333,269,-336,56
59.353,372,-379,-147
59.373,560,-359,-169
59.393,635,-265,-145
59.413,878,-302,-97
59.433,1366,-379,55
59.452,1661,-354,83
59.473,1747,-369,201
59.492,1868,-466,496
59.513,1706,-589,626
59.532,1037,-1968,1288
59.552,447,-2863,274
59.572,1064,-881,809
59.592,3057,3511,325
59.612,1094,116,-1188
59.632,720,-680,434
59.652,964,-1021,1577
59.672,1240,-1293,1135
59.691,469,-871,114
59.712,584,-749,550
59.732,1176,-665,121
59.752,1473,-324,68
59.772,1084,50,449
59.791,727,501,405
59.812,794,398,285
59.831,1014,-43,421
59.852,1102,-641,286
59.871,878,-507,37
59.891,916,-22,354
59.911,1073,260,389
59.931,1040,352,215
59.951,986,327,84
59.971,1030,155,162
59.991,1146,117,363
60.012,1238,346,460
60.033,1329,481,293
60.052,1305,450,3
60.072,1382,594,187
60.092,1716,765,387
60.112,2104,625,312
60.132,1992,853,272
60.152,1598,477,715
60.171,1555,-305,1127
60.192,1282,218,308
60.211,664,-360,262
60.232,672,-1543,824
60.251,695,-29,492
60.271,300,99,-232
60.291,245,-275,-5
60.311,209,-284,232
60.331,210,-286,77
60.351,390,-308,-49
60.371,568,-261,41
60.391,769,-192,-7
60.410,968,-351,140
60.431,1307,-208,372
60.450,1991,-353,408
60.471,1957,-606,660
60.490,1629,-678,735
60.510,1295,-1140,618
60.530,551,-2614,522
60.550,869,-1070,271
60.570,1492,-461,734
60.590,2651,3819,543
60.610,1080,522,-1899
60.630,1056,-1427,388
60.650,945,-1377,1352
60.670,1019,-1332,1296
60.690,597,-857,152
60.710,619,-601,499
60.730,939,-242,511
60.749,1484,-343,45
60.770,1169,-303,214
60.789,773,116,352
60.810,853,115,366
60.829,1069,-140,455
60.850,952,-282,407
60.869,806,-85,250
60.889,927,80,294
60.909,1018,238,349
60.929,949,321,392
60.949,848,245,316
60.969,1030,64,212
60.988,1185,141,250
61.010,1196,443,319
61.030,1265,620,471
61.050,1264,389,173
61.070,1298,266,199
61.089,1514,401,321
61.110,1697,710,418
61.129,2121,669,218
61.150,1809,786,193
61.169,1548,172,992
61.189,1745,-216,1137
61.209,1264,573,188
61.229,428,-708,118
61.249,569,-1503,640
61.269,566,204,399
61.289,233,195,-393
61.309,189,-181,-107
61.328,223,-158,192
61.349,304,-226,-25
61.368,504,-267,-98
61.389,701,-250,-54
61.408,952,-295,-69
61.428,1193,-431,188
61.448,1442,-297,241
61.468,1761,-335,172
61.488,2034,-386,690
61.508,1755,-626,686
61.528,1278,-1535,784
61.548,597,-2498,422
61.568,915,-1184,510
61.588,2070,1885,1063
61.608,1846,2659,-1143
61.628,1038,-1091,-772
61.648,909,-1228,997
61.667,1287,-1303,1556
61.688,913,-702,433
61.707,126,-484,603
61.728,720,-734,407
61.747,1500,-402,-79
61.768,1527,-43,252
61.787,763,283,521
61.807,584,240,381
61.827,947,-66,402
61.847,1184,-432,485
61.867,856,-254,197
61.887,820,-12,199
61.906,993,43,211
61.927,1026,110,273
61.946,987,61,317
61.967,964,39,151
61.986,1040,151,138
62.008,1141,314,358
62.028,1229,426,476
62.047,1235,381,307
62.068,1220,281,180
62.087,1306,266,239
62.108,1639,373,312
62.127,2011,584,458
62.147,2095,590,102
62.167,1529,626,326
62.187,1553,213,1277
62.207,1632,128,890
62.227,1027,342,89
62.247,431,-1050,448
62.267,754,-1169,758
62.286,540,66,189
62.307,203,-130,-270
62.326,116,-321,29
62.347,85,-232,209
62.366,174,-156,63
62.386,424,-195,115
62.406,618,-232,178
62.426,763,-309,106
62.447,1022,-441,191
62.466,1459,-499,290
62.487,1882,-778,547
62.506,1783,-779,801
62.526,1621,-312,317
62.546,1266,-942,939
62.566,584,-2408,396
62.586,906,-1121,202
62.606,1714,572,954
62.625,2311,3330,-662
62.646,1099,-346,-1259
62.665,991,-914,680
62.686,1116,-1483,1544
62.705,1057,-1120,567
62.726,347,-651,263
62.745,655,-539,619
62.765,1200,-294,212
62.785,1536,-160,292
62.805,876,258,437
62.825,655,277,317
62.845,940,25,385
62.864,1167,-428,565
62.885,868,-356,196
62.904,776,37,267
62.925,964,211,374
62.944,1021,225,298
62.965,958,59,416
62.984,1006,-211,237
63.005,1010,-96,179
63.026,1033,264,257
63.045,1075,538,358
63.066,1150,585,464
63.085,1247,289,191
63.105,1341,264,186
63.125,1470,569,332
63.145,1633,687,294
63.165,2226,423,353
63.185,1899,415,388
63.204,1427,236,972
63.225,1505,-277,1090
63.244,1252,398,247
63.265,448,-421,209
63.284,487,-1468,551
63.305,528,153,331
63.325,260,318,-402
63.344,235,16,-58
63.365,287,-112,247
63.384,379,-241,101
63.405,541,-219,109
63.424,705,-167,50
63.444,865,-307,6
63.464,971,-527,260
63.484,1469,-404,355
63.504,2096,-774,371
63.524,1853,-758,681
63.544,1373,-298,422
63.564,1159,-1660,789
63.583,727,-1881,396
63.604,886,-476,742
63.623,2276,1398,217
63.644,1952,1212,-1123
63.663,1262,-603,-27
63.683,903,-1536,1279
63.703,438,-802,861
63.723,313,-834,646
63.743,675,-958,291
63.763,1401,-503,353
63.783,1647,25,282
63.803,892,124,282
63.822,575,-51,402
63.843,860,-102,470
63.862,1223,-311,515
63.883,958,-251,284
63.902,752,60,314
63.922,883,146,267
63.942,1010,141,172
63.962,1011,261,329
63.982,959,232,272
64.003,951,82,32
64.024,976,168,217
64.043,1120,286,383
64.063,1203,284,425
64.083,1210,202,228
64.103,1334,253,267
64.123,1498,574,467
64.143,1631,765,412
64.163,2231,624,478
64.183,2042,512,429
64.203,1462,107,712
64.223,1476,-304,1105
64.243,1313,464,237
64.263,460,-402,144
64.283,518,-1332,513
64.302,611,424,250
64.323,354,527,-497
64.342,336,120,57
64.363,453,-193,223
64.382,556,-482,57
64.403,689,-388,66
64.422,751,-238,15
64.442,849,-349,39
64.462,1193,-498,123
64.482,1773,-574,220
64.502,1928,-896,442
64.522,1620,-881,484
64.541,1358,-589,606
64.562,980,-1792,1240
64.581,628,-2607,201
64.602,1227,-732,755
64.621,2825,3739,16
64.641,1054,181,-1298
64.661,821,-506,365
64.681,767,-966,1318
64.701,1214,-1445,1077
64.721,604,-1107,186
64.741,693,-748,504
64.761,1015,-435,364
64.780,1316,-182,254
64.801,1148,139,375
64.820,817,435,410
64.841,810,329,313
64.860,951,97,335
64.880,1034,-479,394
64.900,925,-669,231
64.920,910,-322,256
64.940,1006,228,254
64.960,1000,580,280
64.980,937,511,372
65.001,1057,32,233
65.021,1266,-132,230
65.041,1258,341,390
65.061,1310,822,377
65.081,1330,608,144
65.101,1469,523,231
65.121,1650,648,321
65.141,1829,693,334
65.161,2121,842,376
65.181,1625,382,537
65.201,1615,-244,1176
65.220,1504,503,555
65.241,702,-156,103
65.260,598,-1494,681
65.281,618,282,376
65.300,270,453,-359
65.321,208,-59,42
65.340,289,-256,327
65.360,375,-359,140
65.380,506,-313,-12
65.400,612,-248,71
65.420,795,-364,124
65.440,1148,-502,161
65.459,1720,-520,177
65.480,1897,-674,474
65.499,1657,-560,377
65.520,1695,-427,504
65.539,1016,-1479,1033
65.560,837,-2434,179
65.579,1153,-1091,724
65.599,2686,2658,384
65.619,1624,325,-1851
65.639,847,-988,204
65.659,850,-1379,1499
65.679,1174,-1192,977
65.698,470,-852,345
65.719,677,-756,555
65.738,1204,-670,269
65.759,1412,-311,222
65.778,947,237,418
65.798,719,651,452
65.818,846,380,396
65.838,1038,-135,326
65.858,962,-556,199
65.878,866,-358,84
65.898,980,269,316
65.918,967,787,425
65.937,970,519,370
65.958,1141,-200,260
65.977,1269,-302,139
66.000,1307,483,448
66.019,1461,985,366
66.040,1384,792,36
66.059,1686,862,284
66.079,2107,894,449
66.099,2498,1005,499
66.119,1811,706,577
66.139,1740,-106,1233
66.159,1491,573,475
66.179,596,-393,178
66.199,628,-1268,676
66.218,608,895,317
66.239,212,570,-496
66.258,322,-75,229
66.279,536,-239,336
66.298,666,-300,62
66.318,756,-233,6
66.338,808,-257,76
66.358,1094,-507,177
66.378,1665,-787,229
66.398,1921,-1037,332
66.417,1600,-752,169
66.438,1684,-571,613
66.457,1201,-1465,1002
66.478,889,-2715,772
66.497,1044,-1790,706
66.518,3083,1948,-555
66.537,1962,328,-1104
66.557,795,-687,786
66.577,671,-1488,1407
66.597,396,-1089,863
66.617,406,-951,316
66.637,1159,-1118,516
66.656,1626,-647,300
66.677,1069,110,227
66.696,690,747,547
66.717,821,505,442
66.736,1022,-23,459
66.757,1063,-676,286
66.776,869,-490,9
66.796,1027,51,312
66.816,1130,703,238
66.836,920,880,266
66.856,1026,130,331
66.876,1119,-354,305
66.895,1174,-55,404
66.916,1422,605,569
66.935,1352,972,142
66.956,1459,1077,129
66.976,2018,1074,413
66.997,2406,876,533
67.017,2028,793,662
67.037,1862,-55,1156
67.057,1616,695,658
67.077,830,-469,209
67.096,1092,-1434,830
67.117,713,884,121
67.136,132,444,-287
67.157,299,-454,248
67.176,505,-763,289
67.197,542,-616,23
67.216,580,-448,13
67.236,602,-427,66
67.256,790,-655,88
67.276,1125,-694,142
67.296,1609,-597,455
67.316,2154,-970,801
67.335,1741,-504,344
67.356,906,-652,939
67.375,514,-2386,735
67.396,813,-2077,189
67.415,1734,-311,1130
67.435,2891,3551,-829
67.455,1104,-1247,-445
67.475,898,-1637,988
67.495,1297,-2361,1333
67.515,738,-1060,8
67.535,532,-377,537
67.555,935,-10,684
67.574,1466,-400,251
67.595,1028,-630,445
67.614,688,78,379
67.635,891,651,338
67.654,1068,582,663
67.674,893,153,658
67.694,764,-151,286
67.714,948,-292,127
67.734,981,259,181
67.754,1063,702,318
67.774,1210,344,248
67.794,1053,70,175
67.813,1260,244,492
67.834,1368,360,347
67.854,1362,386,147
67.874,1502,724,367
67.894,1714,991,300
67.913,2247,1079,360
67.934,1805,861,311
67.953,1758,609,973
67.974,1772,-97,1159
67.993,1226,749,466
68.015,699,-683,532
68.035,968,-951,843
68.054,648,298,16
68.075,293,-113,-151
68.094,259,-293,164
68.115,280,-309,200
68.134,413,-287,54
68.154,686,-208,64
68.174,835,-334,110
68.194,1179,-728,186
68.214,1527,-1165,148
68.234,1462,-1089,263
68.253,1773,-858,493
68.274,1834,-314,290
68.293,929,-660,896
68.314,833,-2172,860
68.333,950,-2883,275
68.354,1460,504,792
68.373,2604,2659,-915
68.393,1367,-1139,-332
68.413,1146,-835,879
68.433,1042,-1440,832
68.453,408,-1143,591
68.473,517,-512,608
68.492,1006,-271,674
68.513,1461,-603,375
68.532,1127,-510,45
68.553,827,254,134
68.572,903,705,389
68.593,1006,441,448
68.612,950,-269,368
68.632,867,-521,65
68.652,936,-99,326
68.672,1025,331,456
68.692,1154,400,264
68.712,1143,141,170
68.732,1050,207,173
68.752,1250,510,471
68.772,1409,584,260
68.792,1330,674,30
68.812,1552,874,210
68.832,2175,1034,468
68.852,2281,749,390
68.871,1820,879,530
68.892,1684,187,1283
68.911,1546,301,671
68.932,810,-161,153
68.951,647,-1402,783
68.971,716,110,511
68.991,363,303,-351
69.012,259,-188,-4
69.033,341,-247,277
69.052,384,-217,82
69.072,544,-250,-37
69.092,753,-292,52
69.112,1032,-502,92
69.132,1361,-810,124
69.152,1406,-754,41
69.172,1626,-417,275
69.192,1996,-353,748
69.211,1649,-778,969
69.232,737,-1846,1101
69.251,462,-2838,688
69.272,1263,-1314,587
69.291,3246,3729,-230
69.311,1173,-371,-1228
69.331,798,-1128,622
69.351,1208,-1763,1615
69.371,903,-765,634
69.391,273,-467,494
69.410,781,-600,561
69.431,1582,-830,217
69.450,1251,-467,22
69.471,783,160,495
69.490,784,690,276
69.511,950,648,309
69.530,1014,-47,470
69.550,954,-652,170
69.570,894,-422,25
69.590,994,177,400
69.610,1010,638,437
69.630,1054,349,315
69.650,1193,-115,127
69.670,1168,-79,185
69.690,1289,458,475
69.710,1417,759,333
69.730,1331,734,66
69.750,1595,920,334
69.770,1951,918,452
69.789,2455,905,403
69.810,1826,682,536
69.829,1706,-204,1178
69.850,1628,304,512
69.869,710,-140,73
69.889,687,-1577,654
69.909,675,338,229
69.929,204,547,-537
69.949,195,-112,4
69.969,404,-306,253
69.988,451,-285,-17
70.010,567,-135,-64
70.030,715,-156,-17
70.050,982,-520,64
70.070,1371,-801,166
70.089,1597,-778,220
70.110,1748,-531,276
70.129,1904,-270,380
70.150,1505,-442,761
70.169,851,-2439,1116
70.190,572,-2619,-39
70.209,1310,-447,1383
70.229,3113,3667,-157
70.249,1203,-905,-754
70.269,1004,-1433,744
70.289,993,-1918,1178
70.309,555,-850,442
70.328,348,-483,514
70.349,978,-474,542
70.368,1832,-649,179
70.389,1053,-402,148
70.408,593,166,536
70.428,853,400,383
70.448,1182,167,520
70.468,984,-174,276
70.488,860,-142,-14
70.508,875,112,311
70.528,971,534,424
70.548,1052,408,230
70.568,1103,-87,150
70.588,1074,-232,214
70.608,1115,81,432
70.628,1223,317,417
70.648,1287,667,275
70.667,1395,678,51
70.688,1514,785,273
70.707,1797,1106,459
70.728,2098,879,161
70.747,2079,876,347
70.767,1799,324,1129
70.787,1724,114,1016
70.807,1198,152,-12
70.827,770,-1542,789
70.847,928,-572,707
70.867,495,491,-283
70.887,183,-48,-89
70.906,170,-55,239
70.927,187,-208,57
70.946,335,-286,10
70.967,509,-215,30
70.986,654,-371,-27
71.008,973,-628,85
71.028,1430,-624,175
71.047,1841,-570,276
71.068,1953,-594,401
71.087,1990,-947,750
71.108,1191,-1025,858
71.127,776,-2504,1196
71.148,653,-2934,-80
71.167,1629,96,1041
71.187,2909,4326,-881
71.207,959,-394,-446
71.227,945,-554,1158
71.247,1043,-1666,1635
71.267,515,-1515,367
71.286,410,-1147,480
71.307,962,-655,588
71.326,1642,-389,134
71.347,1265,3,175
71.366,688,559,379
71.386,628,692,354
71.406,958,282,431
71.426,1186,-535,465
71.447,841,-632,81
71.466,901,-355,221
71.487,1144,-52,426
71.506,1109,536,452
71.526,973,928,226
71.546,938,455,18
71.566,1121,115,399
71.586,1409,284,595
71.606,1429,587,207
71.625,1365,846,49
71.646,1587,1008,212
71.665,1836,1044,438
71.686,2209,777,418
71.705,1792,727,727
71.726,1773,-141,1313
71.745,1657,669,462
71.765,609,-134,8
71.785,613,-1620,665
71.805,767,341,460
71.825,331,638,-457
71.845,196,-23,20
71.864,337,-154,271
71.885,491,-309,-20
71.904,669,-308,-101
71.925,755,-322,-5
71.944,972,-617,137
71.964,1313,-726,194
71.984,1535,-616,120
72.005,1747,-556,339
72.026,2073,-802,514
72.045,1476,-854,513
72.065,810,-1818,974
72.085,901,-2399,420
72.105,1903,178,425
72.125,2996,1872,-1302
72.145,1071,-628,-188
72.165,788,-1206,1546
72.185,824,-1221,1204
72.204,208,-1063,388
72.225,605,-996,246
72.244,1357,-698,402
72.265,1636,-346,215
72.284,950,-55,308
72.304,606,423,370
72.325,817,461,323
72.344,1110,117,388
72.365,1159,-477,643
72.384,868,-618,489
72.405,846,-266,256
72.424,918,678,227
72.444,1079,1540,169
72.464,1178,809,152
72.484,1051,68,126
72.504,1132,45,412
72.524,1402,214,544
72.543,1277,351,-43
72.564,1311,826,126
72.583,1718,1139,466
72.604,1934,733,601
72.623,2068,760,559
72.643,1635,27,873
72.663,1769,-153,983
72.683,1239,683,171
72.703,631,-1043,146
72.723,699,-1265,684
72.743,506,562,447
72.763,153,145,-313
72.782,199,-217,-18
72.803,322,-166,142
72.822,440,-297,64
72.843,616,-390,-62
72.862,724,-373,-186
72.882,923,-569,-48
72.902,1149,-599,259
72.922,1398,-394,168
72.942,1677,-189,249
72.962,2314,-551,944
72.981,1661,-920,497
73.003,751,-2271,1152
73.023,611,-2427,185
73.043,1389,-516,1032
73.063,3097,3357,-373
73.083,1380,-560,-1377
73.103,764,-1026,655
73.122,568,-1410,1450
73.143,990,-1092,1245
73.162,671,-800,295
73.183,896,-774,474
73.203,1288,-594,193
73.223,1229,-82,123
73.243,866,383,490
73.262,833,633,502
73.283,908,386,388
73.302,995,-249,363
73.323,944,-502,109
73.342,898,-62,121
73.362,1009,361,459
73.382,1069,499,268
73.402,1042,187,183
73.422,1025,-90,221
73.442,1147,84,377
73.462,1329,685,646
73.482,1399,720,128
73.501,1424,580,-89
73.522,1566,790,135
73.541,2174,898,454
73.562,2347,933,369
73.581,1786,605,410
73.601,1806,-59,1331
73.621,1441,425,443
73.641,732,-229,272
73.661,777,-1573,838
73.681,662,223,499
73.700,188,316,-268
73.721,152,-213,44
73.740,216,-279,300
73.761,262,-281,144
73.780,469,-285,77
73.801,665,-261,99
73.820,871,-427,125
73.840,1258,-592,255
73.860,1634,-639,278
73.880,1757,-593,597
73.900,1927,-848,849
73.920,1462,-550,248
73.939,649,-1935,1130
73.960,766,-2009,-91
73.979,1410,-1327,690
74.001,2877,3500,599
74.021,1267,954,-1942
74.040,759,-1513,400
74.061,722,-1352,1880
74.081,1663,-1626,1051
74.101,422,-1019,72
74.121,456,-412,814
74.141,1046,-485,122
74.161,1659,-718,71
74.180,1070,-278,392
74.201,677,414,435
74.220,801,487,407
74.241,1064,-73,470
74.260,1013,-484,257
74.280,837,-286,90
74.300,947,-46,300
74.320,1103,163,181
74.340,983,281,305
74.360,910,147,340
74.379,1061,-79,281
74.400,1180,80,357
74.419,1291,523,456
74.440,1341,739,247
74.459,1351,653,164
74.480,1524,605,238
74.499,1954,882,395
74.519,2099,695,369
74.539,1784,808,465
74.559,1713,160,1014
74.579,1669,141,733
74.599,885,70,-72
74.618,753,-1621,790
74.639,935,-275,579
74.658,375,610,-382
74.679,153,61,-188
74.698,356,-394,82
74.719,447,-534,-59
74.738,494,-451,-171
74.758,607,-265,-100
74.778,779,-262,-50
74.798,1121,-400,32
74.818,1599,-477,147
74.838,1624,-616,125
74.857,1693,-596,266
74.878,2028,-556,567
74.897,1307,-931,707
74.918,640,-3089,974
74.937,616,-1811,60
74.957,2309,1812,1318
74.977,2302,2071,-1439
74.999,792,-1200,-10
75.019,852,-827,1285
75.039,1317,-1654,1516
75.059,660,-1139,120
75.079,402,-799,432
75.098,904,-403,568
75.119,1519,-212,99
75.138,1323,-92,367
75.159,760,290,539
75.178,681,474,278
75.198,896,260,325
75.218,1096,-249,403
75.238,977,-423,180
75.258,881,-85,242
75.278,980,175,349
75.298,1028,368,300
75.318,1127,274,178
75.337,1081,75,92
75.358,1117,195,342
75.377,1298,329,478
75.398,1292,327,202
75.417,1279,520,66
75.437,1324,676,130
75.457,1764,827,311
75.477,2319,471,285
75.497,1881,501,289
75.517,1720,615,1128
75.537,1612,169,1060
75.557,1006,534,-131
75.576,394,-792,311
75.597,727,-1256,819
75.616,635,157,222
75.637,268,-135,-348
75.656,213,-308,59
75.676,143,-55,217
75.696,274,-49,-21
75.716,642,-152,45
75.736,970,-255,225
75.756,1354,-524,288
75.775,1479,-801,280
75.796,1447,-672,349
75.815,1746,-783,999
75.836,1888,-1137,546
75.855,1089,-927,550
75.876,712,-2094,882
75.895,828,-1410,4
75.915,1556,-200,731
75.935,2538,3275,-888
75.955,991,-308,-1171
75.976,759,-766,734
75.997,1351,-1490,1815
76.016,1015,-911,622
76.037,278,-946,315
76.056,652,-715,543
76.077,1265,-276,287
76.096,1582,-165,234
76.116,915,70,318
76.136,691,294,257
76.156,923,278,340
76.176,1067,-115,479
76.196,928,-427,209
76.216,839,-154,101
76.236,933,280,327
76.255,1005,445,362
76.276,967,170,402
76.295,1045,-207,244
76.316,1079,-183,146
76.335,1067,339,334
76.355,1223,789,535
76.375,1279,670,362
76.395,1360,348,206
76.415,1518,426,281
76.435,1578,738,280
76.454,2011,748,332
76.475,2080,721,442
76.494,1554,270,804
76.515,1561,-147,1150
76.534,1341,614,422
76.555,522,-374,111
76.574,541,-1520,383
76.594,584,432,389
76.614,321,744,-432
76.634,355,127,-84
76.654,537,-225,203
76.674,614,-394,-29
76.693,668,-374,-114
76.714,708,-286,-141
76.733,779,-315,-56
76.754,1203,-326,70
76.773,2203,-358,204
76.794,2308,-1061,600
76.813,1297,-768,395
76.833,1152,-704,786
76.854,1150,-2673,1150
76.873,629,-2291,327
76.894,2110,1859,749
76.913,2586,2314,-1151
76.933,1161,-646,186
76.953,825,-1633,1292
76.973,411,-1267,924
76.993,196,-901,446
77.014,814,-997,421
77.035,1599,-703,447
77.054,1486,-42,70
77.074,764,471,403
77.094,610,686,577
77.114,913,201,553
77.134,1142,-548,358
77.154,881,-555,9
77.173,850,-113,184
77.194,1026,312,271
77.213,1041,697,315
77.234,933,542,279
77.253,1014,11,130
77.273,1064,-251,179
77.293,1106,117,380
77.313,1249,615,519
77.333,1248,609,248
77.353,1235,472,95
77.373,1572,608,325
77.393,2047,505,538
77.412,2369,339,497
77.433,1745,343,598
77.452,1554,55,1194
77.473,1436,7,424
77.492,688,-223,167
77.512,633,-1767,617
77.532,689,-118,293
77.552,158,445,-505
77.572,8,136,-218
77.592,244,-184,-7
77.612,323,-383,-172
77.632,455,-295,-137
77.651,673,-184,-36
77.672,939,-188,-191
77.691,1251,-571,-142
77.712,1233,-561,340
77.732,1504,-391,192
77.751,2076,-485,233
77.772,2028,-641,837
77.791,1206,-708,620
77.812,929,-2580,1088
77.831,433,-1917,71
77.852,1529,-533,954
77.871,2346,3950,919
77.891,1024,386,-1929
77.911,981,-926,230
77.931,949,-1021,1247
77.951,1837,-1439,1057
77.971,639,-518,96
77.990,313,-340,733
78.012,858,-424,245
78.032,1481,-351,220
78.052,1200,35,429
78.072,715,609,473
78.092,740,429,291
78.112,1033,-45,424
78.131,1093,-512,455
78.152,789,-317,143
78.171,870,15,246
78.192,1015,278,211
78.211,996,410,286
78.231,888,302,304
78.251,973,-20,186
78.271,1023,-60,308
78.291,1178,201,352
78.311,1286,391,242
78.330,1236,491,244
78.351,1254,465,378
78.370,1514,351,444
78.391,1704,524,408
78.410,1975,535,263
78.431,2080,633,293
78.450,1513,392,720
78.470,1596,-79,1300
78.490,1497,380,427
78.510,620,-53,67
78.530,452,-1458,396
78.550,623,-46,522
78.569,299,426,-284
78.590,186,-96,-178
78.610,269,-238,211
78.630,348,-288,86
78.650,482,-287,47
78.670,631,-305,50
78.690,735,-448,30
78.709,1000,-538,104
78.730,1395,-492,81
78.749,1654,-493,192
78.770,1838,-552,553
78.789,1915,-458,494
78.809,1342,-576,629
78.829,761,-2275,1114
78.849,654,-1879,19
78.869,1890,906,594
78.889,1998,1788,-1004
78.908,1202,-673,-465
78.929,1309,-585,1308
78.948,1269,-975,1204
78.969,382,-713,430
78.988,203,-778,331
79.009,931,-741,331
79.030,1644,-319,366
79.049,1320,-85,330
79.070,753,52,379
79.089,677,170,157
79.110,989,164,266
79.129,1161,-45,490
79.149,913,-261,305
79.169,801,-229,174
79.189,882,-57,241
79.209,1073,287,302
79.229,1016,531,332
79.248,876,470,81
79.269,904,231,157
79.288,1105,70,430
79.309,1390,-2,205
79.328,1240,296,81
79.348,1222,630,311
79.368,1438,523,381
79.388,1680,421,379
79.408,2116,276,304
79.428,2143,575,243
79.448,1497,578,598
79.468,1406,-33,1248
79.488,1426,-22,452
79.508,750,71,76
79.528,339,-1161,363
79.548,523,-307,577
79.568,344,139,-239
79.587,158,-329,-228
79.608,120,-278,218
79.627,195,-266,117
79.648,325,-250,32
79.667,540,-278,159
79.688,730,-384,135
79.707,1037,-422,125
79.727,1339,-435,164
79.747,1597,-532,331
79.767,1699,-796,756
79.787,1620,-707,663
79.807,1215,-616,597
79.826,760,-1534,1205
79.847,613,-1654,315
79.866,1400,-36,264
79.887,1983,2078,-696
79.906,1393,94,-796
79.926,1400,-819,1118
79.946,1335,-1388,804
79.966,304,-394,281
79.986,-8,-59,723
80.007,679,-460,279
80.028,1932,-958,561
80.047,1421,-446,14
80.067,750,7,481
80.087,659,217,304
80.107,873,332,234
80.127,1110,142,480
80.147,1035,-374,340
80.167,834,-462,75
80.187,839,-120,250
80.206,960,152,353
80.227,991,146,268
80.246,953,-36,327
80.267,954,-240,257
80.286,979,-210,82
80.306,1001,155,191
80.326,1031,459,328
80.346,1044,376,296
80.366,1061,154,225
80.386,1157,94,319
80.406,1294,130,432
80.426,1594,128,517
80.446,2222,327,549
80.466,2281,465,264
80.486,1409,137,385
80.506,1165,-363,880
80.526,1279,-499,569
80.545,777,277,40
80.566,180,-694,34
80.585,353,-733,286
80.606,411,124,-345
80.625,389,233,-573
80.645,365,172,-81
80.665,418,-127,-40
80.685,549,-333,27
80.705,787,-239,94
80.725,1183,-304,-111
80.745,965,-488,280
80.765,1033,-302,233
80.784,1688,-577,-122
80.805,2264,-819,626
80.824,1533,-289,715
80.845,1026,-163,390
80.864,989,-1051,649
80.884,885,-1629,646
80.904,880,-343,556
80.924,1947,1935,149
80.944,1275,1110,-467
80.964,1207,-68,-236
80.983,1081,-986,377
81.005,550,-1085,750
81.025,608,-700,302
81.045,833,-302,272
81.065,1249,-239,502
81.084,1196,-28,380
81.105,967,132,235
81.124,807,262,277
81.145,908,310,402
81.164,1009,120,503
81.184,1034,-269,570
81.204,969,-555,261
81.224,831,-18,267
81.244,947,456,337
81.264,1004,438,298
81.284,892,110,313
81.304,819,-162,274
81.324,981,-290,250
81.344,1038,-16,205
81.364,988,364,211
81.384,1027,442,240
81.404,1108,341,256
81.423,1117,104,235
81.444,1145,-282,182
81.463,1468,-240,220
81.484,1983,808,455
81.503,1611,127,150
81.523,1661,-1119,-192
81.543,1508,34,787
81.563,1141,667,1266
81.583,939,-94,697
81.603,409,221,459
81.623,13,-123,677
81.643,269,-958,740
81.662,492,-775,506
81.683,379,-742,252
81.702,318,-917,296
81.723,265,-683,156
81.742,165,-405,216
81.762,172,-220,225
81.782,230,-49,93
81.802,489,60,44
81.822,864,265,122
81.842,1291,335,389
81.861,1762,-102,798
81.882,1586,-506,1265
81.901,1529,-1007,1622
81.922,883,-2322,1376
81.941,733,-4155,2294
81.962,838,1422,1060
81.981,1273,605,-241
82.003,1075,-518,-282
82.023,938,154,36
82.042,833,270,-15
82.063,835,-698,-127
82.082,1099,-913,329
82.103,1044,-462,215
82.122,991,-166,-80
82.142,920,227,-46
82.162,946,739,-77
82.182,1021,1225,321
82.203,863,1416,289
82.222,779,689,218
82.242,1071,-482,409
82.262,1189,-1060,346
82.282,915,-158,175
82.302,932,466,482
82.322,934,617,330
82.342,936,344,221
82.362,959,83,232
82.381,982,19,147
82.402,997,59,195
82.421,958,97,278
82.442,952,137,280
82.461,1003,115,257
82.481,985,136,297
82.501,937,184,285
82.521,959,60,378
82.541,969,63,442
82.561,922,18,260
82.580,944,-62,194
82.601,999,20,131
82.620,988,130,61
82.641,940,147,203
82.660,937,60,284
82.681,970,-52,282
82.700,990,-114,277
82.720,979,-32,207
82.740,951,134,227
82.760,930,299,242
82.780,945,277,225
82.800,969,132,230
82.819,976,12,220
82.840,979,-27,222
82.859,977,4,230
82.880,957,55,234
82.899,948,99,251
82.919,962,107,249
82.939,977,98,247
82.959,974,124,222
82.979,960,180,200
83.000,946,220,205
83.020,958,218,228
83.040,967,132,233
83.060,964,68,259
83.081,962,35,256
83.100,962,27,245
83.121,970,78,227
83.140,970,150,207
83.160,958,209,225
83.180,956,217,240
83.200,959,161,245
83.220,964,100,256
83.240,966,67,247
83.259,963,91,240
83.280,958,137,248
83.299,958,157,227
83.320,962,133,235
83.339,962,94,241
83.359,968,74,231
83.379,964,81,245
83.399,957,93,241
83.419,966,100,239
83.439,965,109,240
83.459,961,107,239
83.479,964,106,241
83.498,962,100,242
83.519,963,89,247
83.538,964,88,250
83.559,956,96,246
83.578,955,99,244
83.598,966,126,246
83.618,962,140,242
83.638,957,133,244
83.658,960,127,249
83.678,958,122,248
83.698,954,127,249
83.718,957,131,251
83.737,956,140,246
83.758,959,145,249
83.777,962,152,250
83.798,958,152,246
83.817,957,132,253
83.837,958,125,249
83.857,961,120,252
83.877,958,109,253
83.897,958,121,248
83.917,960,130,244
83.936,961,133,246
83.957,960,122,247
83.976,959,117,258
83.999,959,109,252
84.018,959,99,255
84.039,956,105,252
84.058,959,121,250
84.078,959,132,252
84.098,961,118,252
84.118,964,108,248
84.138,965,111,245
84.158,955,85,259
84.177,951,79,254
84.198,962,95,242
84.217,961,109,252
84.238,961,116,253
84.257,958,100,250
84.278,954,103,250
84.297,960,104,249
84.317,963,107,253
84.337,959,103,261
84.357,961,108,250
84.377,960,113,249
84.397,960,105,254
84.416,958,93,253
84.437,963,90,249
84.456,958,102,251
84.477,959,101,246
84.496,957,105,251
84.516,959,99,253
84.536,958,96,252
84.556,957,110,254
84.576,957,106,249
84.596,959,99,249
84.616,963,105,250
84.636,962,104,250
84.655,958,92,248
84.676,960,110,256
84.695,960,101,248
84.716,958,97,246
84.735,961,102,246
84.755,960,106,247
84.775,957,108,252
84.795,961,104,250
84.815,960,97,247
84.835,959,99,249
84.855,956,113,252
84.875,961,100,246
84.894,958,108,250
84.915,956,112,253
84.935,959,110,252
84.955,961,117,250
84.975,957,119,245
84.994,960,115,249
85.016,958,108,246
85.036,959,104,249
85.056,961,119,247
85.076,963,113,248
85.095,961,113,247
85.116,958,104,246
85.135,960,107,252
85.156,956,114,243
85.175,958,118,251
85.195,959,116,248
85.215,958,117,250
85.235,955,116,247
85.255,957,121,250
85.275,962,116,246
85.294,958,113,249
85.315,958,105,248
85.334,961,108,250
85.355,958,111,250
85.374,960,115,250
85.395,956,115,248
85.414,960,119,247
85.434,958,118,248
85.454,954,110,249
85.474,962,109,248
85.494,957,110,249
85.514,958,113,245
85.533,957,117,250
85.554,957,119,251
85.573,962,122,254
85.594,956,122,253
85.613,956,119,251
85.633,953,114,253
85.653,955,111,251
85.673,958,120,249
85.693,959,117,251
85.713,957,114,257
85.733,954,116,255
85.753,958,111,254
85.772,959,108,256
85.793,957,117,251
85.813,957,122,253
85.833,955,121,253
85.853,953,121,253
85.872,957,127,256
85.893,952,121,253
85.912,958,121,251
85.933,958,113,255
85.952,959,118,257
85.972,957,111,256
85.992,956,103,254
86.014,956,108,251
86.034,953,113,258
86.053,956,119,251
86.074,963,111,255
86.093,953,112,259
86.114,951,95,259
86.133,958,81,266
86.153,947,67,298
86.173,956,79,262
86.193,951,123,209
86.213,956,199,230
86.233,967,240,236
86.252,959,157,251
86.273,948,64,259
86.292,958,31,245
86.313,959,89,230
86.332,955,155,248
86.353,954,184,263
86.372,957,109,283
86.392,963,34,279
86.412,963,12,251
86.432,957,65,266
86.452,956,115,295
86.472,957,84,275
86.491,955,60,244
86.512,965,78,245
86.531,966,117,279
86.552,951,112,269
86.571,961,46,257
86.591,974,43,265
86.611,963,98,255
86.631,953,125,266
86.651,966,111,254
86.671,968,95,248
86.691,963,86,251
86.711,968,95,247
86.731,969,101,243
86.751,974,100,236
86.771,967,106,227
86.791,980,141,219
86.811,979,135,218
86.830,981,111,247
86.851,1003,141,237
86.870,999,163,180
86.891,993,219,198
86.910,1006,244,243
86.930,1017,59,211
86.950,1040,-115,211
86.970,1121,-200,91
86.990,976,-142,192
87.011,985,-117,150
87.031,1040,-192,79
87.051,1030,-145,78
87.071,982,-66,-6
87.091,953,-103,-6
87.111,947,-141,-7
87.131,960,-252,14
87.151,910,-284,-6
87.170,897,-254,5
87.191,938,-258,46
87.210,903,-274,41
87.231,887,-261,59
87.250,905,-276,83
87.270,904,-277,127
87.290,911,-266,124
87.310,904,-276,104
87.330,910,-289,100
87.350,925,-249,23
87.369,944,-225,1
87.390,973,-211,-29
87.409,992,-251,-69
87.430,949,-175,-84
87.449,932,-158,-97
87.470,961,-219,-85
87.489,991,-254,-27
87.509,963,-262,-25
87.529,925,-251,-10
87.549,938,-266,-7
87.569,950,-300,0
87.589,946,-297,5
87.609,945,-316,-9
87.629,947,-367,-55
87.649,953,-347,-48
87.669,935,-334,-72
87.689,912,-354,-90
87.709,879,-380,-101
87.729,879,-393,-101
87.748,898,-409,-99
87.769,903,-413,-90
87.788,895,-394,-78
87.809,902,-385,-73
87.828,904,-382,-64
87.848,913,-376,-59
87.868,911,-391,-49
87.888,907,-389,-41
87.908,904,-387,-21
87.928,893,-383,-14
87.947,889,-347,-20
87.968,910,-316,23
87.987,924,-355,-22
88.009,931,-568,112
88.029,894,-374,-96
88.049,960,-319,-51
88.069,905,-296,-38
88.088,921,-315,-10
88.109,925,-393,-14
88.128,840,-498,7
88.149,841,-470,-19
88.168,895,-357,-34
88.188,879,-357,-23
88.208,866,-460,-1
88.228,922,-509,-34
88.248,948,-445,-29
88.268,931,-353,-46
88.288,936,-328,-29
88.308,940,-329,-46
88.327,937,-348,-40
88.348,894,-325,-3
88.367,951,-325,-11
88.388,941,-351,-7
88.407,936,-431,-52
88.427,931,-378,-15
88.447,950,-346,21
88.467,881,-386,-11
88.488,863,-376,-45
88.507,887,-363,-31
88.528,941,-402,-22
88.547,894,-446,-24
88.567,869,-400,-36
88.587,907,-391,-50
88.607,935,-447,-18
88.627,875,-420,-32
88.647,825,-364,-83
88.666,896,-378,-49
88.687,944,-471,6
88.706,871,-478,-22
88.727,859,-432,-22
88.746,888,-435,-38
88.766,893,-468,-47
88.786,880,-464,-22
88.806,898,-420,-33
88.826,932,-392,-39
88.846,937,-442,-30
88.866,866,-449,-25
88.886,815,-410,-51
88.905,872,-429,-41
88.926,927,-444,-47
88.945,891,-458,-44
88.966,872,-457,-43
88.985,888,-412,-45
89.006,879,-379,-43
89.027,880,-414,-52
89.046,920,-460,-25
89.067,931,-420,-22
89.086,901,-406,-53
89.106,836,-385,-67
89.126,866,-417,-41
89.146,890,-438,-47
89.166,890,-443,-47
89.186,865,-488,-19
89.206,883,-467,-27
89.226,913,-474,-26
89.245,868,-442,-47
89.266,834,-406,-38
89.285,834,-401,-43
89.306,872,-452,-33
89.325,903,-484,-32
89.345,892,-468,-30
89.366,852,-407,-44
89.385,859,-415,-37
89.406,936,-441,-30
89.425,938,-475,-24
89.445,912,-475,-17
89.465,913,-421,-39
89.485,894,-425,-55
89.505,891,-440,-52
89.525,892,-412,-43
89.545,875,-409,-48
89.565,883,-436,-50
89.584,890,-478,-43
89.605,887,-465,-41
89.624,883,-426,-42
89.645,877,-407,-49
89.664,888,-430,-47
89.684,892,-446,-46
89.704,888,-430,-36
89.724,868,-409,-41
89.744,883,-426,-40
89.764,903,-467,-39
89.784,897,-461,-47
89.804,884,-433,-44
89.823,879,-412,-40
89.844,873,-435,-34
89.863,862,-435,-42
89.884,888,-432,-39
89.903,889,-458,-51
89.923,876,-444,-43
89.943,863,-429,-46
89.963,885,-438,-49
89.983,912,-449,-52
90.004,904,-439,-43
90.025,900,-425,-39
90.044,882,-448,-59
90.064,878,-438,-73
90.084,886,-429,-61
90.104,880,-429,-54
90.124,881,-452,-49
90.144,884,-463,-56
90.163,879,-454,-54
90.184,895,-427,-46
90.203,874,-431,-50
90.224,868,-458,-47
90.244,892,-454,-51
90.264,911,-437,-51
90.284,895,-415,-44
90.303,866,-416,-55
90.324,883,-439,-59
; 90 stopping logging: shutdown: switched off
